:0200000480007A
:2000000000000000700059B30000000000000000000000000000000064B81E799B47E18668
:0C002000910000F8D9FF4221DC0F009095
:1200300073646820737468A0036568CA0BC30030009048
:200048000F05D011174580010B00D0010F00B02142218B0101110F2010006B0500200090AA
:200068003256FF0626003B00FEFF3FF617000F6510308B0602601745802600903256FF067B
:2000880018003B00FEFF3FF60F000F6500308B060260174580260090A2F63705C13F0F6553
:2000A80010200090A2F682030F6500200090DA207FF60700174580360F6400200090A2F6F4
:2000C80082020F6400300090820C822D3C130757FFCF8755BFDFCE57460546048B14804016
:2000E8008B05A050CE77460746068B1680608B07A07082028203820082013A260B2700F2E5
:200108006E023C4F0B6430F10B7500F20B75A0F26E04024002513C453A640B7500F26E03BF
:2001280082123C3F3B0004E00B6030F10B7100F20B71A0F2DE1087559FFF06116701801FFB
:200148008B1FE0060248025906156745805F0614C2FE3CEB0284029506F067101F0006F11B
:20016800C21E82087AE86E1D87559FFF06116701801F8B1FE0060B60C0A00B71D0B007BB6F
:200188009FFF06156745805F061406136723803F8B1FE0266E0302A002B1C2183FE8E67FBB
:2001A80076C7460346028B1280208B03A030DF2D0B00071DE0FF76F7460146008B1080009F
:2001C8008B01A01000903B00034040F440C5007074DF3B00034040C4007061000E00370A2F
:2001E8006800DA0A4BF011020070610006003BE0024040C4007054DFC21F74DF00706D0071
:2002080014290090404F6D000326022F02F46D00FF2414F0B700010034F002F46D001826AC
:200228000090FF440B00538420F0911000F8D9FF242E10FFD4F23C02A0023C010090094F54
:200248004C18161F3C0182003E0E82103E0E82203E0F8240BE003B800000BE003B000100F0
:20026800BE003C1282023C126D0003203C0F6D004C1F3C0C6D00701F3C096D00D41E3C06BB
:200288006D00BD1E3C0382023C013C01009082F282003C17538020F0911000F8D9FF242E52
:2002A80010FFD4FF7D4F0D80538020F0911000F8D9FF242E10FF481F370F48203C04C2101F
:2002C800BF40EAFF3C010090404F40F46DFFB9FF09FFD408370F6CF0C21F4B0F41F14BF24A
:2002E80051203C0100906DFFD4FF53C220F060FF9140003F30F3D93F002849F2080A3C01F8
:2003080000906DFFC6FF53C220F060FF9140003F30F3D9320028B0423C0100906DFFB9FF47
:2003280053C220F060FF9140003F30F3D93200283C010090494F081A3C0554FF345FB01558
:20034800C2F4FF14FCFF02423C0100902010404F0B541088026A89A7080909FF4C18161FBC
:2003680078033C0140F46DFFB1FFC2188B4860F3370F68F074AF8B1A60F3370F68F078019D
:2003880054AF4B0F61F14BF941503BF026F19B3FA8F34BF5413082044B5251004B007161D8
:2003A80082108F461FF06E0D7B0018144B1941104B1251104B0171118F411FF06E023C01D0
:2003C8000269821882074B0061014B0241F04B0661014B0F51006B0031F582014B1F01F08F
:2003E800AE046B0031B53C056B0031F567FFBFBF4B3B01F016038B0F20F26E028214822D4B
:200408003C39DF2D05808210821E3C0773D70A004B8011028B1000E03C234B0D61A14BA206
:2004280041A0036D0AC04B0C61F14BFA51C06B0C31F5820A4BAF01F0AE046B0C31A53C0546
:200448006B0C31F567FFBFAF4BAB01F0370F61F16E0602AB02D8036D0A900207C2107F0E37
:20046800DEFF4B3B01F016038B0F20F26E023C09C21DF647736D0AF03BF0FF007FF0C3FF55
:20048800820440F46D00360009FFE00837097000370F0CF089FFA00809FFE2083708700044
:2004A800370F0CF089FFA20809F0560854AFC2FF370F68F037F004F089FF160809F05708EE
:2004C800580137F004F089FF170858026E03DA013C02DA0009F0570837F081F389FF1708A1
:2004E80040F409A40C096D00050082123C010090094F4C18374F05F0894F0C18F6493C017C
:20050800094F4F18370FE1F33C01EEFB3C093C01094F4F18370FE1F33C01DF1FFBFF0090B4
:20052800494F041A3C0A145F74FFB015C2F43C010C4E161FFF1FFE7FFF14F7FF02423C0165
:2005480000902008F4A4405DD4DFF44F40F46DFF5BFE820440F46DFFCDFFDA0009F05A0890
:2005680037F002F089FF1A0809DFC80809F0D408C2FF370F70F037F00CF0ACFA09D46C08A2
:2005880040F46DFFB7FF09D4040909D54A0809D64D0809D74C0840F46DFFDAFE0228820453
:2005A80040F46DFFA7FF09DF7C086E0382103C028200087F370F01F22CF709DF56086E0324
:2005C800DA013C02DA0009F05B0837F001F389FF1B0809DF540809F05B0837F081F389FF3B
:2005E8001B0809DF510809F0590837F083F089FF190809DF530809F05B0837F001F289FFB1
:200608001B0809DF550809F05C0837F004F089FF1C0809D0580808CF370F02F32CFC09DFEB
:20062800590809F0500837F002F389FF100809DF500809F0D80837F003F3ACFC09D05A082B
:2006480008DF8BF0200337006800370F04F02CFD09DF5B0809F051088BFF20F3370F68F033
:2006680037F004F089FF110809DF520809F05A0837F002F089FF1A0809DCA809BD0C79007E
:20068800D4CEBD0E280009C0040809C95D084CE16E2109E4840909E44808370068506D00E2
:2006A800AB0D09E4840909E4480802956D00D60DD4E2DA016E0382103C0282000C27370F0F
:2006C80081F22C27D4E20CEC0920460837F002F02C2609CE8809BD0E1E0009C00C0809C9BC
:2006E8005D084CE16E1709E4840909E44808370068506D00810D09E4840909E448080295EC
:200708006D00AC0DD4E20CEC0920440837F003F02C2409CE9009BD0E150009C5540809C9D2
:200728005D0809E4840909E448080CECA6F56D00630D09E4840909E4480802956D008E0DCF
:2007480009CE9809BD0E150009C55C0809C95D0809E4840909E448080CECA6F56D004C0DC0
:2007680009E4840909E4480802956D00770D09D46C0840F46DFFBEFEDA0089FF001982FF89
:200788006CFFDA00D4A22C2E09DF6D082E0CDA016E03DA013C02DA0009F0421837F001F0FB
:2007A80089FF021809DF6D082E1CDA016E03DA013C02DA0009F0421837F001F189FF02189B
:2007C80009DF6D082E2CDA016E03DA013C02DA0009F0431837F001F189FF031809DF6D08AE
:2007E8002E3CDA016E03DA013C02DA0009F0431837F081F189FF031809DF6D082E4CDA0106
:200808006E03DA013C02DA0009F0431837F001F389FF0318DA002C2DDA002C2C09DF7D0888
:200828002C2FD20089205409DA006C240C2F82003E0482103E043C0682193C063BC0009096
:200848003C0382093C014CDC6E0C09D4B00909D4AE0802956D003524D4A4894284093C094C
:2008680009D4AE0802956D001824D4A4894284094CDE6E0C09D4B80909D4B40802956D00EE
:200888002024D4A4894288093C0909D4B40802956D000324D4A48942880909D9660809DF23
:2008A800E208EE03DF39228040F46DFF2CFD09DFE2081420370F68F037F008F0342F0C217F
:2008C800379F82F12C210C2396022C23DA016E03DA013C02DA0009F0431837F001F289FF2F
:2008E80003180C2196042C2109DFE008EE03DF39228040F46DFF14FD09DFE0081420370F4B
:2009080068F037F008F0342F0C21379F82F12C210C2396022C23DA016E03DA013C02DA00DD
:2009280009F0431837F081F389FF03180C2196042C2109DFE4086E2140F46DFFD6FC09DF4C
:20094800E4081420370F68F037F008F0342F0C21379F82F12C210C2396022C23DA016E032A
:20096800DA013C02DA0009F0421837F001F089FF02180C2196042C21DA016E03DA013C02F6
:20098800DA0009F0500837F081F089FF1008DA016E0382103C02820008CF370F81F02CFC98
:2009A80009FF5008960189FF100808CF96012CFC02823C010090F445DA00894F3C08DA01A7
:2009C800894F2C08DA01AC447B107EF46C41DA032C4ADA002C4CDA032C4DDA00894F1008C9
:2009E800DA01894F1108DA01894F1208DA00894F1308DA00894F1608DA00894F1408DA070A
:200A0800894F1508DA01894F1808DA01894F1908DA00894F1A08DA00894F1B08DA00894FD7
:200A28001C08DA00894FA208DA00894FA008DA00894FA408DA00894F2608DAFF894F2D08B0
:200A4800A00FEC4AA00FEC4EA00FEC4CDA00894FAE08DA00894FB408DA00894F3D0800907C
:200A6800D44F09FF760816013C016E0909FF7E08960189FF3E080C4E96012C4E09FF760816
:200A8800370F61F13C016E0909FF7E08960489FF3E080C4E96022C4E09FF7708370F61F181
:200AA8003C016E0909FF7F08960489FF3F080C4E96042C4E09FF7708370FE1F13C016E09C1
:200AC80009FF7F08960889FF3F080C4E96082C4E09FF7708370F61F33C016E0909FF7F083C
:200AE800964089FF3F080C4E96102C4E0090404F6D008E21022F02F46D008A20821074F060
:200B080002F46D00A5213C0114FF370FE1F0BA0F3C01DF1FFB7F0090404F6D007921022F68
:200B280002F46D00752014F0B700010034F002F46D008E213C0114FF370FE1F0BA0F3C0156
:200B48006EFB0090FF240B00538420F0911000F8D9FF284E10FFD4F23C02A0023C01009016
:200B680082F282003C17538020F0911000F8D9FF284E10FFD4FF7D4F0D80538020F091109B
:200B880000F8D9FF284E10FF481F370F48203C04C210BF20EAFF3C01009002486DFFE2FFA5
:200BA800914000FFD9FF6008530221F010FF534820F010F23C0100907643DF140980094FA1
:200BC8006C28375F02F0894F2C283C42DF240400DF340980094F6C28375F02F1894F2C2803
:200BE8003C37DF440400DF540980094F6C28375F02F2894F2C283C2CDA0C7E48094F6C28F5
:200C0800375F02F3894F2C283C23DA0A3E43DA0D7E48094F6D28375F02F0894F2D283C18AE
:200C2800DF640400DF740980094F6D28375F02F1894F2D283C0DDA083E43DA097E48094F39
:200C48006D28375F02F2894F2D283C0200A00090404F0B451088026A6D000B1B022B4B8B59
:200C680051406D00FE22022082033C0782224B200102F6023C05C213DA103FF3F9FFDA1046
:200C88007FF34B8076A682204B0911029AF03C029AF9370F700009F1E4083701100089F032
:200CA800A408DA018200820137F101133701011789F138198F7300F18200538020108270DF
:200CC8000F10000009F2301982F4C64026020F1F00F0A6F289F230198F8300F18B0F20F2DC
:200CE8006E0DDA00538F20F0C23F82100FF0000009FF3019A60F89FF301909FF701837AFC6
:200D080081F389FF3018DA010F3F00F04B0F61F14BFB51203C0282023C01009009405408D7
:200D28000C5C8B4FA0F237F001F3894F1408094051080C5C37F002F3894F11080090404F92
:200D4800024F02586D00951A02294BF951406D008822022082033C0782224B200102F602B9
:200D68003C05C213DA103FF3F9FFDA107FF33F80C2F83708700009F1D4183701100089F016
:200D88009418820082118202370201233712012789F238198F7300F18210538020108270F2
:200DA8000F10000009F2301982F4C64026020F1F00F0A6F289F230198F8300F18B0F20F2FB
:200DC8006E0DDA01538F20F0C23F82100FF0000009FF3019A60F89FF3019DA010F3F00F041
:200DE8004B0F61F14BF951203C0282023C010090094054080C5C8B4FA0F237F081F3894F0F
:200E08001408094054080C5C37F002F0894F14080090404D405FC86C89DC900914CF370F7D
:200E2800E1F0BA0F3C01EE0440C46DFF77FE09FF5C081E1409FF5D086E5CDA0182100FF0BB
:200E480000004CC1260F6E03DA013C02DA003C01EE08DA0182100FF000004CC1A60F6CC156
:200E680009FF69086E2248BF6E05C864C8B56DFFC1FFDA0109F07008532F2010C22182327D
:200E88000F1200204CC582F3C632262F0F100000A60F6CC5483F370F70F009C0D41837F028
:200EA80010F089CF94183C064824483540C46DFF48FF09FFF80809C0D01837F010F089CF0C
:200EC800901809FF5D186E1409FF5D08EE1109FF7A0809C0741837F003F189CF341809FF51
:200EE8007B0809C0741837F082F289CF34183C0109FF5C086E0709FF5D18EE0409FF5D08D9
:200F08006E644818820182100F1000004CC126F07603DA013C02DA003C01EE08820082118C
:200F28000F0100104CC1A61F6CC109FF5D186E0B09FF5D08EE08484F6E0609FF7A085E52EC
:200F480048483C0109FF60086E31489F6E05C864C8956DFFE5FEDA0009F06808532F20F0A6
:200F68009221DA030F1F00204CC582F3C632262F0F100000A60F6CC509FF740809C07018DE
:200F880037F081F389CF301809FF74085E16DA024BF811028BF01F80370870F009C0E40876
:200FA80037F010F089CFA4083C0854F409F6740840C402856DFF4EFE09FFF60809C0E008FD
:200FC80037F010F089CFA00809FEA019BD0E2300D4ECBCCF09EF080809C4840909C448086A
:200FE800370F68506D000809D4C440C56DFF98FE09EC8409BCCF09EF080809C4840909C492
:201008004808370F68506D00F708D4C440C56DFFF1FE09FFFE086E2CC86209F07C08DA01EC
:201028000F0F00F009203029A6F089203029C86409F47C0809F57D086DFFC0FDC86409F4FE
:201048007D086DFFACFD09F0401809FFFE081421370F68F037F108F0342F0C21370F82F153
:201068002C210C2396022C230C2196042C2109FFC4186E2CC86209F04218DA010F0F00F00D
:2010880009203029A6F089203029C86409F4421809F543186DFF92FDC86409F443186DFF67
:2010A8007EFD09F0461809FFC4181421370F68F037F108F0342F0C21370F82F12C210C23BA
:2010C80096022C230C2196042C2109FFCA186E2CC86209F04818DA010F0F00F0092030299B
:2010E800A6F089203029C86409F4481809F549186DFF64FDC86409F449186DFF50FD09F05F
:201108004C1809FFCA181421370F68F037F108F0342F0C21370F82F12C210C2396022C23DA
:201128000C2196042C2109FFD0186E2CC86209F04E18DA010F0F00F009203029A6F08920D6
:201148003029C86409F44E1809F54F186DFF36FDC86409F44F186DFF22FD09F0521809FF15
:20116800D0181421370F68F037F108F0342F0C21370F82F12C210C2396022C230C21960419
:201188002C2109FF5C0889DF140849FF141A49D2180AA02444FF642FFC4E009020689110BA
:2011A80000F8D9FF043E49FF000A49A2000AC506180044FF642FFC6E49AF000A4942000A14
:2011C800C506180044FF642FFC6E894598090090404F09FF5408DF1F3780C842DA008210C7
:2011E800820137F10113370101178921381909FF6108EE28487F6E1BC842821009FF6008FA
:20120800532020008B80001082300F1000000922341982F3C63026020F1F00F0A6F28922DB
:201228003419C844C8756DFFE5FD3C0BC842DA008210820137F18110370181148921381901
:201248003C013C0109FF54086E0409FF61086E32C842DA018200820137F1011337010117AF
:2012680089213819486F6E1BC842820009FF6008532020008B80001082300F100000092285
:20128800341982F3C63026020F1F00F0A6F289223419C844C8656DFF43FD3C0BC84FDA019A
:2012A8008200820137F181103701811489F138193C010090404F40F46D002F0082504DC0C5
:2012C800E1FF16073C013E289110003030F3D933C04F54313C034D00D01F3701E2F05E13DC
:2012E80082003C173701E2F0EE13534220F060FF9130003F30F3D93F1436081F16075E13C8
:2013080082103C05081F16075E3282203C02825002023C010090822282003C17538020F03F
:20132800911000F8D9FF384E10FFD4FF7D4F0D80538020F0911000F8D9FF384E10FF481F23
:20134800370F68203C04C210BF20EAFF3C010090404F024F40F46DFFE0FF02286E031E32C6
:201368005E4382093C0282195E23821A3C02820ADF1949804DC0E1FF16073C015F8F28005B
:201388006D005A1D022802846D006A1C913000CFD9CC143640F46DFFC0FF534220F010C269
:2013A800142F37AF02F0342F02846D00781D9110003030F3D933C04F543FB72F82F0911084
:2013C800003030F3D933C04F743F3C1C6D00201D022B02B46D001C1C913000FFD9FF143678
:2013E800534820F010FF9130002FD9221436534820F01022142F37AF02F034FF02B46D00A8
:20140800271D02923C01009082124DC0E1FF16073C01FF2F0B80538F20F0911000F8D9FF28
:20142800384E10FFD4FF3C02A00F3C017DF4048082023C109110003030434933088A543F68
:2014480006F4374F9FF09110003030434933088A743F3C010090404FDA0140F46DFFD6FFC4
:20146800262F40F46DFF28FFF626821440F46DFF71FF262F02F23C010090913000FFD9FFD8
:20148800004654FF370F6EF18FFF83813C01911000A7D9AA408F0D0080043B0098F0CD4F2D
:2014A800E00F0D00C0044D00E0FFB70F14F0CD0FE00F0D00C00482117617DA009601CD4F25
:2014C80020090D00C0044DC0E1FF8F7F00213C01913000FFD9FF004653C220F010FF54F05B
:2014E80037006E018FF083313C01913000FFD9FF004653C220F010FF54FF2E1B8F2320F05E
:20150800960154F0370070088F002100A6F074F08F2320F0960254F0370070088F00210092
:20152800A60F74FF3C0154FF1601DF1FFE7FDA00761382003C028210370F81F0CDCF200928
:201548000D00C004913000FFD9FF004653C220F010FF54FF2E1B8F2320F0960154F0370030
:2015680070088F002100A60F74FF86238F3340F154F0370070088F002100A60F74FF3C016F
:2015880054FF6F0FFF7F0D00C00482114DC0E1FF8F7F00213C01913000FFD9FF004653C244
:2015A80020F010FF54F037006E018FF083313C01913000FFD9FF004653C220F010FF54FF45
:2015C8002E1B8F2320F0960154F0370070088F002100A6F074F08F2320F0960254F03700EF
:2015E80070088F002100A60F74FF3C0154FF1601DF1FFE7FDA00761382003C028210370F76
:2016080081F0CD0F04090D00C004913000FFD9FF004653C220F010FF54FF2E1B8F2320F027
:20162800960154F0370070088F002100A60F74FF86238F3340F154F0370070088F00210001
:20164800A60F74FF3C0154FF6F0FFF7F0D00C004913000FFD9FF004654FF2E1B8F2820F0BC
:20166800960154F0370070088F002100A60F74FF8F2820F0960254F0370070088F002100FE
:20168800A60F74FF3C0154FF1601DF1FFE7F910000F8D9FF004080FFCD4FE20F0D00C004FA
:2016A80091F000F8D9FF000480FFCD0FE20F0D00C004911000F7D9FF80CF80FFCD8FE20F25
:2016C8000D00C004913000FFD9FF004654FF2E1B8F2820F0960154F0370070088F002100B6
:2016E800A60F74FF8F2820F0960354F0370070088F002100A60F74FF3C0154FF6F0FFF7F03
:2017080091000000D900000091000010D911000091000080D988000091000090D9990000C7
:20172800911000F7D9FFC00F91100027D922C001A004802080FFA2F0DA404BF0114282005F
:201748003C1E80FFB70F1CF08F4F1F1080FFBBF0FF2F0662262F06AFA6F1F606CD81E30F2C
:201768000D00C0043C0274419AD47E05CDC1E30F0D00C00440F449FF001AC2103F40E3FF92
:20178800DA00744F6D00581B022F02846D00971A02F46D00D81A6DFF34F56D004D1B91306F
:2017A80000FF19FF30366F1F12008F2220F09601913000FF19F03036370070088F0021001E
:2017C800A60F913000FF59FF303686228F2240F1913000FF19F03036370070088F002100B6
:2017E800A60F913000FF59FF30363C01913000FF19FF30361601DF1FFB7FDA00913000FF0A
:2018080059FF181691100048D944B00E6D00AF159130884F910000F8D9FFB60180F46DFFB5
:201828001CFE910000F8D9FF8E06DC0F0090913000FFD9FF0C4654FF370F6EF18FFF831112
:201848003C01912000A6D9AA408B0D0080043B0098F0CD4FE00F0D00C0044D00E0FFB70F7C
:2018680014F0CD0FE00F0D00C00482127627DA009601CD4F20090D00C0044DC0E1FF8F7F0D
:2018880000313C01913000FFD9FF004653C320F010FF54F037006E018FF083413C01913094
:2018A80000FFD9FF004653C320F010FF54FF2E1B8F2420F0960154F0370070088F00210035
:2018C800A6F074F08F2420F0960254F0370070088F002100A60F74FF3C0154FF1601DF1F3B
:2018E800FE7FDA00762382003C028210370F81F0CDCF20090D00C004913000FFD9FF004673
:2019080053C320F010FF54FF2E1B8F2420F0960154F0370070088F002100A60F74FF86241F
:201928008F3440F154F0370070088F002100A60F74FF3C0154FF6F0FFF7F0D00C0048212EF
:201948004DC0E1FF8F7F00313C01913000FFD9FF004653C320F010FF54F037006E018FF09A
:2019680083413C01913000FFD9FF004653C320F010FF54FF2E1B8F2420F0960154F03700DA
:2019880070088F002100A6F074F08F2420F0960254F0370070088F002100A60F74FF3C01BA
:2019A80054FF1601DF1FFE7FDA00762382003C028210370F81F0CD0F04090D00C004913043
:2019C80000FFD9FF004653C320F010FF54FF2E1B8F2420F0960154F0370070088F00210014
:2019E800A60F74FF86248F3440F154F0370070088F002100A60F74FF3C0154FF6F0FFF7FC2
:201A08000D00C004913000FFD9FF0C4654FF2E1B8F2120F0960154F0370070088F0021006D
:201A2800A60F74FF8F2120F0960254F0370070088F002100A60F74FF3C0154FF1601DF1FAE
:201A4800FE7F91F000F8D9FF000680FFCD4FE20F0D00C00491F000F8D9FF000480FFCD0F9D
:201A6800E20F0D00C004912000F6D9FF80CB80FFCD8FE20F0D00C004913000FFD9FF0C464B
:201A880054FF2E1B8F2120F0960154F0370070088F002100A60F74FF86218F3140F154F0A4
:201AA800370070088F002100A60F74FF3C0154FF6F0FFF7F91000000D90000009100001000
:201AC800D911000091000080D988000091000090D9990000912000F6D9FFC00B91200026EE
:201AE800D922C00DA004802080FFA2F0DA404BF0114282003C1E80FFB70F1CF08F4F1F10DF
:201B080080FFBBF0FF2F0662262F06AFA6F1F606CD81E30F0D00C0043C0274419AD47E056B
:201B2800CDC1E30F0D00C00440F449FF001AC2103F40E3FFDA00744F910000F8D9FF9A26C5
:201B4800DC0F0090DA000950DA08370F0EF009505C08370F03F809505D08370F81F90950D4
:201B68005E08370F01FA09505F08370F83FA09506108370F01FE09506008370F03FC6C4575
:201B8800820109506408370103100950650837018111095066083701041409506B083701FF
:201BA800011A09506708370103120950680837018113095069083701041609506C08370137
:201BC800811A09506A083701041809506D083701011B09506E083701011C09506F083701F5
:201BE800811C095F70086E0382203C028200095F71086E03DA013C02DA00A6F03701021D5B
:201C0800095F720837F1041E095F730837F1811B89411009095F06096C42095F0A096C43B7
:201C2800095F16096C41095F1209744F095F6A086E0A095F6A081E17095F6A081E24095F3D
:201C48000E096C460090F4450090404F405CD4C2D42DF4FD09CF04082CF409CF0408530F5D
:201C680022F010D2D9220002E822C82440C56DFF6BFF820009CF63086E05DA0137F0010857
:201C88003C04DA0137F0810809FF0408534F20F010D25920C08109CFF4086E22D4F209FFDD
:201CA8000408BC21534F20F060FF9140003F30F3D93F40483C0109C0760809CFF40814F1F2
:201CC800370F68F037F108F034FF081F370F82F12CF1083F96022CF3081F96042CF10090A2
:201CE8002038911000F8D9FF085E49FF000A49A2000AA0D644FF642FFC6E49AF000A494223
:201D0800000AA0D644FF642FFC6EF44500906DFF1BFF0090D45FF44F0090404F6D0078188A
:201D2800022F02F46D00741791A0003030F3D933C04F5430B700010091A0003030F3D93311
:201D4800C04F743002F46D00831800906D007912913000FF39FF3506370F64F24B0F41F1E7
:201D68004BF251203C013C01009037046800DA084BF00102DA0203F10AF6370F68F0DF157E
:201D8800068082220FF210203C0482120FF210203C010090404F026F82066DFFE8FF6E04C1
:201DA800681268223C0268120090404F026F82066DFFDDFF6E04684268523C0268420090B1
:201DC800404F3B0001606DFFD2FF74F20090404F024F0269820602F46DFFC9FF02283B003B
:201DE80001600BF910486DFFC2FF8F0201F0A6F868680090DA01744F0090BC41DA024BF52A
:201E08000102534020F053042100600F9140003F30F3D93FC06910F23C010090804F5304C4
:201E28002800420F60FF3C0168550090804F53042800420F60FF3C0168350090804F5304AA
:201E48002800420F60FF3C0168450090804F53042800420F60FF3C0168250090804F5304AA
:201E68002800420F60FF3C01481F375F02F06CF10090804F53042800420F60FF3C01489056
:201E8800DA006CF948BF375F02F06CFB68907663DA013C02DA0037F001F0767382103C0270
:201EA8008200370F81F06CF90090804F53042800420F60FF3C01DF15048082103C028200E7
:201EC800481F370F81F56CF10090404C405F8218D4F2F4C2084F2CC4084F3B008000E20F5F
:201EE800D4F21022911000303023D93D000D89CD880909FF05082CC549DE001A89CE8C0981
:201F080009FF52085E1709F40508821540E46DFF59FF09F405088215821640E46DFF59FF38
:201F280009F4050809F5500840D46DFFC0FF09F40508086540D46DFF93FF487F6E08C874F8
:201F480009F4600809F561086D00100109FF54081E1509FF5508DF1F278009F4050809F586
:201F6800560809F6540809F7550840D46DFF83FFD4F4084409F505086DFF41FF09F057081E
:201F880009FFD8081421370F68F037F108F0342F0C21370F82F12C210C2396022C230C2185
:201FA80096042C2109FF52085E1E09F40508482540D46DFF4DFF09F40508483540D46DFF0A
:201FC80037FF3C0D09F40508482540D46DFF38FF09F40508483540D46DFF22FF09F405081A
:201FE8008215820640E46DFFD7FE09F405088215820640E46DFFDBFE09FF53085E1509C420
:202008008C096DFFF9FE02823C010090F445DA002C44DA002C45DA146C42DA0A6C43DA0197
:20202800894F1008DA022C46DA00894F1108DA00894F1208DA01894F1308DA00894F140827
:20204800DA00894F1508DA02894F1608DA00894F1708DA00AC4CA00FEC47DA80894F2008F8
:20206800DA00894F21080090404F024FC83409F40508820502F66DFF8FFEC83409F4050889
:20208800820502F66DFF93FEC8346DFFB5FE0090594400C00090194F08C0370F78F04B0FEC
:2020A80041F1194004C0370078004B0041014B0F51F06D0006004BF241203C0100906DFFA8
:2020C80047FE3C010090404F0B54108840F46DFFE4FF4B8251007B00F8136B0131004B0051
:2020E80071814B0861116B0131007B00F0134B1001F0370F61F16E02C2186D008916022AA0
:2021080002A46D008515DA00BE90DA013E9EDA023E9CDA033E9ADA043E98DA053E96DA0679
:20212800BE91DA07BE963C1C534920F010F2534920F010FF19FF0CC0378F18F0592F0CC04C
:202148003C1019FF24C0378F18F059FF24C03C0919FF28C0378F18F059FF28C03C023C0157
:2021680002A46D0075160090404F0258481F8FCF1F00481F160F532F2020082F0F2F001089
:2021880082330F23003091A0012FD922F04F534020F01022542F82F0C630260F2631A61F74
:2021A800742FC82408CF09F55008A64502F46D002300C82408C402856D0050000090A002BC
:2021C80082003C13538020F0911000F8D9FF006E10FF481F7E49538020F0911000F8D9FFD3
:2021E800006E10FFD4F2C210FFD00480BD02EC7F3C010090404F0B4510A849FC100A8240C0
:202208004B0A01828F3A00F1538F20C09140002FD922000E7D2F15806D00FA15022F02F475
:202228006D00F61409F0201982110FA1101082F2C621261089F0201902F46D00091653482A
:2022480020F010CFDAFF0FCF00F00FCB10B002F302B249F240080090404F0B4510886D00A6
:20226800D715022A02A46D00D31449FF001ADA084BF801028F7800F1534F2040534020F01D
:2022880010FFDA0F0F4F00F00F49109002F3029249F2400802A46D00DB1500902020404C8D
:2022A800DA084BF401826D00F20E534920F010A2534920F010CF488F742F09CF500816FF5D
:2022C800C21F4B0F41F14BF25100534920F010AF14FF163FC21F4B0F41F14BF05100534993
:2022E80020F010AF14FF370F62F39211534920F010AF081F160342F1534920F010AF081F46
:20230800370F62F142F14B0141F14BF051203C01009020080248405F3705E8FB8B0F20F216
:202328006E01820949A6000A028440F56D003900DA0037F9019014AF37F983900CA137F9C3
:2023480003920CA237F983930CA337F903950CA437F983960CA537F90398081FAE63DA00EE
:202368003C02DA0137F98199DA0037F9019A14FFAE53DA003C02DA0137F9819ADA0037F9F1
:20238800019B09FFC008370F66F3C2FF370F70F037F9859B3789049E02923C010090406C04
:2023A80082088209DA084BF40122094F500816FF9210534320F0104F09FF6008163FC21FAA
:2023C800E2F0534320F0104F09FF6008370F62F39211534320F0104F09FF6108160342F1AE
:2023E800534320F0104F09FF6108370F62F142F173100AA0B025405D820B3C4E534B20F02F
:2024080010DF54FFE2AF4B0F61F17B0000044B0F51C0820D820E3C328210532E20F00FF09C
:2024280010004B0041F14BFC51F07B00F0036B00214F6D00E816FF922180532E20F00FF207
:2024480010F04B0F41F14BCF01F016068B0F20F26E09C2F28B0240F3370F689002E8821D63
:202468003C0FFF820B809A12C2FF8B0F40F3370F689002E8821D3C04C21EBF8ECFFFF6D3F8
:2024880082798278532B20F010CF2819532B20F010CF34F8C21BBF3BB3FF0090404C405FB4
:2024A8007641820854CF6E016D00F10D3C0109CF500816FFC21F4B0F41F14BF251F03C012C
:2024C8007B00F8034BF0513048103B800040821502463700E81BBA016E037B00F8037B0039
:2024E800F8134B0151703B0040929B499794024A3C4D4B0A41014B0341004B0751107B0077
:20250800F0236B0221114B0131B1DA407FBF05003B0004B03C0973AB0A10FF410400822B19
:202528003C034EB2821B4B0B41114B1041006B07311082024B2101F0AE046B0731003C0549
:202548006B0731F067FFBF0F4B9001F06F2F1E804B9001F0AE264B9001F0AE036F0605808D
:20256800020902A602B56F061180DA004BF001F0AE27DA004BF001F0370F61F06E03DA0020
:202588003C02DA016E023C04C2FAFF2AB47F3F5409006F0607006F050580025F026502F681
:2025A800DA024BF601229AD2370F4800C2F5370568F037F80680DA024BF601421A52C2FF4C
:2025C800370F68F037F802838E03020F3C02DA0037F802858E0382323C01370268F037F8EF
:2025E8000284088FAE43DA013C02DA0037F80186088FAE33DA003C02DA0137F88186089FD4
:20260800370FE1F237F8018702823C0100900248BC416D003C0DDA004BF801F0AE217B003C
:2026280008F44BF841F04BF251004B0031F14B0F41F16B0F31F07B00F0134B1F01F0AE2455
:202648004B0031F13C044B0031F1C21F8B1F40134B0161F14BF251F06B0F31F882004B0FDF
:2026680001F0AE084B0161F14BF251F06B0F31583C094B0161F14BF251F06B0F31F867FF22
:20268800BF5F82463C2C4B0661F14BF841F04BF251F07B00F0036B0021FF4B0F71017360B7
:2026A8000AF04B0F61F14BF251306B0331F882044B4F01F0AE046B0331383C056B0331F8A5
:2026C80067FFBF3F4B5301F0AE247603023502013705E8FB6E02F6023C06C2163B801FF00F
:2026E8007F6FD3FFC2F18B0140233C010090FF440B00538420F0911000F8D9FF6CFE10FF84
:20270800D4F23C02A0023C01009082F282003C17538020F0911000F8D9FF6CFE10FFD4FF55
:202728007D4F0D80538020F0911000F8D9FF6CFE10FF481F370F48203C04C210BF40EAFF5C
:202748003C010090494F102A3C0554FFB45FB025C2F4FF14FC7F0090494F102A3C0554FF1C
:20276800745FB045C2F4FF14FC7F0090494F102A3C0554FF345FB015C2F4FF14FC7F009023
:20278800DA010F4F10F0370F70F009410819765737017008A6F0370110183C083701700880
:2027A80082F2C6F2262037011018766737017000A6F0370110103C083701700082F2C62F77
:2027C80026F037011010894108190090DA084BF40102534120F0104F49FF241A3C06095FB1
:2027E800C00874FFB025C2F5FF15FB7F0090DA084BF40102534120F0104F49FF241A3C05FE
:20280800545F74FFB045C2F5FF15FC7F0090DA084BF40102534120F0104F49FF241A3C05D1
:20282800145F74FFB015C2F5FF15FC7F0090094F4518EE047B1000F03C02DA01CC4D094072
:2028480078080F0F10F06CF10090094288093C010090094F4518EE03DA013C037B1000F001
:20286800CC4D094078080F0F10F06CF10090404F405C406D0248D4FE40E46D008F0502291F
:20288800DF093680ECE2084F96012CF4E84CA8A8821089F00718E86DA8E848FF6E05C8F2AF
:2028A80040F42D02000009FF49181E1409FF49185E3540F46D0047093C1A09FF4918DE4246
:2028C80009E2A80909E4A809094FD818C2F837087000370F10F0892F981840F46D0033097A
:2028E8003C06C8AF09E488092D0F000002923C01009082020C44AE04D44F481F6E028212E8
:202908003C0100902010404C405DD4D2D42FF802C8AFF801D4DFF4CF0CC4B70F01F02CC489
:2029280009DF640889CF081809DF650889CF091809DF260989CF0C1909DF2A0989CF1019C5
:202948000CD8370F61F1D80109F0510837F0010389F0110849DF1C0AF4AF5E1754FFEE055F
:20296800DA0089CF04183C07CCD7481F370F68F089CF041809C04418DA084BF00182534941
:2029880020F009A48409104F029440D56DFF88FD022F6CF809C4441849D5080A4CD109A432
:2029A800840902F56DFFB7FC022F6CCC821009CF44180FF000008F0001100CD9AE43DA00EE
:2029C8003C02DA0109C444180F4F10F0D80149FF081A8F000140A640A6F10203021249F26B
:2029E800400809CF7308370F64F28F7F004109A484096DFF55FC4B0231F189CF0A09D4AFF5
:202A080054FFEE07A00FECCFA00F89CF80193C46D4FF09F2C80989C2F4090CD9370F61F275
:202A280089CF05180CD86F1F2280910000F8D9FFB602ECCF910000F8D9FF9A1289CF801933
:202A480040C46DFF08FFD4AFD4FF09D5600809DA6108DA80C82408C4A6F56DFFCDFBC82442
:202A680008C402A56DFFFAFB3C19A00FECCFA00F89CF8019D4A2D42F09D5600809DA610810
:202A8800D422092F5008C82408C4A6F56DFFB4FBC82408C402A56DFFE1FB09DFC808370F95
:202AA80066F389CF0618910000F8D9FF6413ECCA910000F8D9FF32E3ECCBD80209FF461844
:202AC8006E119110002F09F00518534920F0D80110FF49FF241A530022F0102280FF592FD1
:202AE8000C0282023C010090404C40C46D000E13A00FECC7DA8089CF2008DA0089CF2108BA
:202B0800A00FECC7DA0089CF2008DA0089CF2408DA0289CF250882FF89CF2609DA0089CFF8
:202B28002A0900902040404C405DCCD5F80F6D006F11022802846D006B1014FFB70F01F04A
:202B480034FF09DF58086E03DA003C02DA0114F037F081F134FF02846D007A11820809D4D9
:202B6800100909A4BC096DFF54FD370268F037F80880DA0F37F80485DA0037F8828C09DF1D
:202B880059086E03DA013C02DA0037F8818DDA0137F8048E68484CD489CF0819820009DFDC
:202BA800C6086E043BF01FF03C02DA0037F00900820109DFC408EE0409DF66086E028211C9
:202BC80037108104820109DFC208EE0409DF66086E0282113710010509DF5B0837F00208D8
:202BE80009DF5C0837F0020909DF680837F0020D09DF690837F0020E685009DEA009BD0E1E
:202C08003B00D4EFBCFF0CE409E85508C814088408C5A6F56DFFF0FAC814088402856DFF34
:202C28001DFBCCE2BCFF0CEC09E85508C814088408C5A6F56DFFE0FAC814088402856DFF54
:202C48000DFBCCE4BD0F180009EF140809E85508C8140884370F68506DFFCEFAC81408846C
:202C680002856DFFFBFAD4F2D4F40C4408C0370F03F02C24D80FECCAF4CCDA006CC1A00F22
:202C8800ECC2910000F8D9FFB612ECC5910000F8D9FFBA32ECC609DF66086E0C910000F84C
:202CA800D9FF1C13ECC7910000F8D9FFD0F2ECC83C0B910000F8D9FF06E3ECC7910000F8AE
:202CC800D9FF2CD3ECC8910000F8D9FF0E93ECC909DF6608DF0F8C00DA0189CF061849A49C
:202CE800000A9110005F6DFFB0F749A4040A49A5000A6DFFF7F709DF250889CF051809CF00
:202D080005182CA8DA0089AF2708DA0189AF3408DA0089AF0A09DA0089AF2A08DA0089AFAF
:202D28002F08DA00ACAFDA0089AF2308D80F49FF241A80FF89AF0E09DA0089AF2D08DA0185
:202D480089AF3008DA0089AF2108DA0089AF2208DA0089AF20080CD889AF3A0809DFC40838
:202D680089AFB80849C4380A49A5040A6DFF6FF709DF240889CF041809CF04182CA8DA000C
:202D880089AF2708DA0189AF3408D80F49FF102A80FF89AF0A09DA0089AF2A08DA0189AFEB
:202DA8002F08DA0089AF0E09DA0089AF2D08DA0089AF3008DA00ACAFDA0089AF2108DA00D0
:202DC80089AF2208DA0089AF2308DA0089AF20080CD889AF3A0809DFC20889AFB80849C4FD
:202DE8002C0A49A5040A6DFF32F73C04DA0089CF0618BBF0FFFFD80F89FF141909CF4618F9
:202E08006E4509A4BC096DFF82FC914000FFD9FF1068538221F010FF3C01823009DF250882
:202E2800370F70F014F1370F68F037F108F034FF081F370F82F12CF1083F96022CF3081FCC
:202E480096042CF109A4BC096DFF61FC914000FFD9FF1068538221F010FFB04F3C01823075
:202E680009DF2408370F70F014F1370F68F037F108F034FF081F370F82F12CF1083F9602BE
:202E88002CF3081F96042CF13C6D09DFC4086E2109A4BC096DFF3BFC914000FFD9FF10680C
:202EA800538221F010FF3C0109D0480809DFC40814F1370F68F037F108F034FF081F370F98
:202EC80082F12CF1083F96022CF3081F96042CF109DFC2086E2209A4BC096DFF18FC914079
:202EE80000FFD9FF1068538221F010FFB04F3C0109D0480809DFC20814F1370F68F037F1A4
:202F080008F034FF081F370F82F12CF1083F96022CF3081F96042CF109DFC6086E2309A4B1
:202F2800BC096DFFF4FB914000FFD9FF1068538221F010FF49FF080A3C0109D0480809DFAC
:202F4800C60814F1370F68F037F108F034FF081F370F82F12CF1083F96022CF3081F9604E9
:202F68002CF1D80F09FF5308960189FF13080090404F405C40F46D001511E85CDA0089FF80
:202F88001808DA0089FF1908DA0089FF1A08DA0089FF1B08DA0089FF1C08DA0089FF280865
:202FA800DA0089FF2908A002E88282FF89FF240882FF89FF2508DA0089FF2608BB00C2FBF7
:202FC8009BEFC3F46CF40090911000CF094804186DFF3DFC402F530822F010C2392F1E0200
:202FE800370F61F18B0F2002DF100D80530822F010C2530822F010C4394F1F029604E92F1E
:203008001F023C01DF00110009FF00196E0609F2801940F42D020000084FB70F01F02CF4A0
:20302800D4F46D001A02530822F010CF39FF1E02370FE1F18B0F20F25E1C530822F010CF09
:20304800530822F010C2392F1F029604E9FF1F023C010090404C40C46DFFF9FB402F911030
:20306800005F09C1051809C6A80949F7100A530122F01052392F1E02370FE1F18B0F200204
:20308800DF100D80530122F01052530122F01054394F1F029604E92F1F023C01DF001A0068
:2030A800530122F0105F39FF1E02370F61F18B0F20F25E1C530122F0105F530122F0105280
:2030C800392F1F029604E9FF1F023C011D00BC0009FF49181E1509FF4918DF3F258053018A
:2030E80022F0105F39FF1E02370F61F18B0F20F25E1C530122F0105F530122F01052392F2C
:203108001F029604E9FF1F023C01534120F0105F534120F01052392FC2819602E9FFC2811F
:203128001D00920009FF4918DF4F2480530122F0105F39FF1E02370F61F18B0F20F25E1CB2
:20314800530122F0105F530122F01052392F1F029604E9FF1F023C01534120F0105F5341BA
:2031680020F01052392FC2819602E9FFC2813C6B530122F01052392F1E02370F61F18B0F3E
:203188002002DF100D80530122F01052530122F01054394F1F029604E92F1F023C01DF005F
:2031A800530088AFBF2F5000530122F01052530122F01054394F1F029604E92F1F0253419D
:2031C80020F01052534120F01054394FC2819602E92FC281547FEE0C48CF8210370F01F002
:2031E800896F201909FF0C19896F24193C2C48CF8210370F01F0896F201909FF4618FF9FB7
:203208000A80D47288AF102F09FF7FF8896F24193C1A09F04618DA103F0F0D8088AFC2FF42
:20322800532F20F0D47F10FF09FFC008896F24193C0A88AFC2FF534F20F0D47F10FF54FFE8
:20324800896F24190090404C09C2A809092FC0188FFF1F813C01BBF0FF0F8920141940C48B
:203268006DFFF5FA402F911000DF6F08070009FF4A18960189FF0A186F18070009FF4A18DB
:20328800960289FF0A186F28070009FF4A18960489FF0A186F78070009FF4A18968089FFA2
:2032A8000A186F38070009FF4A18960889FF0A186F48070009FF4A18961089FF0A186F5845
:2032C800070009FF4A18962089FF0A186F68070009FF4A18964089FF0A18DF08110009FF4D
:2032E80000196E0609F2801940F42D020000084FB70F01F02CF4D4F46D00AF0009CF4618FA
:203308006E3109C00418530022F010DF39FF1E02370F61F18B0F20F25E1C530022F010DF63
:20332800530022F010D2392F1F029604E9FF1F023C0109C00518530022F010DF39FF1E0243
:20334800370F61F18B0F20F25E1C530022F010DF530022F010D2392F1F029604E9FF1F02E0
:203368003C010090404F40F46DFF71FA0925AC0940242D050000484FC21F6CF40090404F6E
:2033880040F46DFF64FA0925A80940242D050000483FC21F6CF30090DA01494F0408EE03EB
:2033A80082023C0282123C010090404FD4F2D4220924A80949FC180A094F4218370FE30176
:2033C8003C0188EF0B0F80F1370F508054CFEE0A82003C05094110293C01C2103F80FC7FE6
:2033E8003C2609F04618FF900B80D4C502846DFFBFF9D4C201280026F4C23C1909F0461868
:20340800DA103F0F0C80D4C502846DFF9DF9532820F0D4C21022F4C23C0AD4C502846DFFE5
:203428009DF9534820F0D4C21022F4C288EFA28FACFE88EFEE1009FF00196E0609F28019D5
:2034480040F42D020000084FB70F01F02CF4D4F46D0003000090DA006C4100902008404F3D
:2034680049FD100AD4F2D42C09CF4618DF0F7E02911000EF09C4A809F4A46DFF48F9538252
:2034880021F03C0109C8051809C904184DC0E2FF370FE1F78B0F20A23C010D004003000005
:2034A8003C0188AFBF2FE50088AF92F0530822F010E2530822F010E4B94F1402370070007F
:2034C800370F0EF0F92F140209FF4618FF9F10808200530822F010E2530822F010E4394F04
:2034E8001602370F83F2E92F16023C2109F04618DA103F0F10808210530822F010E25308F9
:2035080022F010E4394F1602370F83F2E92F16023C0E8220530822F010E2530822F010E466
:20352800394F1602370F83F2E92F160254DFEE4049F20C1A802FB70F1C007B0000FDFE012E
:203548004DC0E1FF16073C0149F20C1A8020B7000C0AB770030E7B000011E21FA2F03C04B7
:2035680049F20C1A8020530822F010E259200802820082118222530822F010E219231002FA
:20358800370303303713813137230434530822F010E259231002530822F010E2530822F06F
:2035A80010E4394F12029610E92F12023C3A54DFB70F1C007B0000FD7E0F4DC0E1FF160707
:2035C8003C0154D0B7000C0AB770030E7B000011E21FA2F03C0254D0530822F010E2592024
:2035E8000802820082118202530822F010E21923100237030330371381313723043453081D
:2036080022F010E259231002530822F010E2530822F010E4394F1202B70F01F2E92F1202CF
:20362800D4A24922241A530822F010E4802F594F0C02820082118202530822F010E2192369
:203648001002370303323713813337230436530822F010E259231002530822F010E25308A8
:2036680022F010E4394F1F029604E92F1F0288A0530922F010E2530922F010E4B94F1402B8
:2036880037007000370F0EF0F92F140209FF4618FF9F10808200530922F010E2530922F015
:2036A80010E4394F1602370F83F2E92F16023C2109F04618DA103F0F10808210530922F007
:2036C80010E2530922F010E4394F1602370F83F2E92F16023C0E8220530922F010E253095B
:2036E80022F010E4394F1602370F83F2E92F1602486FEE4049F2101A802FB70F1C007B00DB
:2037080000FDFE014DC0E1FF16073C0149F2101A8020B7000C0AB770030E7B000011E21FC7
:20372800A2F03C0449F2101A8020530922F010E259200C02820082118222530922F010E2AA
:2037480019231002370303323713813337230436530922F010E259231002530922F010E2C4
:20376800530922F010E4394F12029620E92F12023C3B486FB70F1C007B0000FDFE004DC0CE
:20378800E1FF8F7F00013C01486FB70F0CFAB77F031E7B0000F1E2F0A2013C0248615309F7
:2037A80022F010E259210C02820082118202530922F010E2192310023703033237138133C1
:2037C80037230436530922F010E259231002530922F010E2530922F010E4394F1202B70F3B
:2037E80081F2E92F1202530922F010E2530922F010E4394F1F029604E92F1F02BBF0FFFF3B
:20380800D4A4894F14196DFF82F79140002FD9221068538221F010223C010C2396022C2360
:20382800D4A46DFF74F79140002FD9221068538221F01022B0423C010C2396022C23D4A4E9
:203848006DFF65F79140002FD9221068538221F010224922080A3C010C2396022C235309E1
:2038680022F010E2530922F010E4394F1F029604E92F1F02534920F010E2534920F010E420
:20388800394FC2819601E92FC28188AFBF2F2B00530822F010E2530822F010E4394F1F02AA
:2038A8009604E92F1F02534820F010E2534820F010E4394FC2819601E92FC28109FF4818CC
:2038C800EE0948CF8200370F01F0D4AF89FF20193C0848CF8210370F01F0D4AF89FF20196D
:2038E8003C3F54DFEE0E48CF8210370F01F0D4A2892F201909FF0C19D4AF89FF24193C30EE
:2039080048CF8210370F01F0D4A2892F201909FF4618FF9F0B80D4D288AF102F09FF7FF82E
:20392800D4AF89FF24193C1C09F04618DA103F0F0E8088AFC2FF532F20F0D4DF10FF09FF6E
:20394800C008D4AF89FF24193C0B88AFC2FF534F20F0D4DF10FF54FFD4AF89FF241976A3E8
:203968000D0000031D00EE0088AFBF1FEB00D4F2D422092CA80909FF7308370F644209CF3B
:20398800421816073C018B4F000109FF47185E12C2F088AF7E02C2F088AF0B0F80F1370F96
:2039A8005080BF18CF0088AF5280A8A088AFEE0382113C02820109FF4718DE11BF2810006F
:2039C80088AF6E0D4DC0E20F3700E1078B0020923C010D00400300003C013C084DC0E20FC7
:2039E8003700E1078B0020923C0109FF4718DE14820089F0071809FF4818EE0848CF8200BC
:203A0800370F01F089CF20193C0748CF8210370F01F089CF201954DFEE1E09F00C19DF01E5
:203A2800130082013C0489C02419C2119AF83FF1FC7F48CF8211371F01F089CF201989C047
:203A480024193C08DA003C0489C02419C21F3F8FFD7F3C7409FF4618FF9F2480DF011800C2
:203A6800BF280800D4D59AF840C402F56DFFD1F648CF8210370F01F089CF2019D4DF01F8C9
:203A880000F609FF7FF889CF24193C06D4D540C402856DFFBEF6D4DF01F800F6F4DF3C4E7F
:203AA80009F04618DA103F0F2780DF011A00BF280800D4D59AF840C402F56DFF89F648CFA7
:203AC8008210370F01F089CF2019C2F8532820F0D4DF10FF09FFC00889CF24193C0BD4D528
:203AE80040C402856DFF74F6532820F0D4DF10FFF4DF3C24DF011900BF280800D4D59AF8BA
:203B080040C402F56DFF75F648CF8210370F01F089CF2019C2F8534820F0D4DF10FF54FFE0
:203B280089CF24193C0BD4D540C402856DFF61F6534820F0D4DF10FFF4DF76930D00000351
:203B480000902008404D49DF100AD4D2D42C8CDA82404B0F0102F6188CDA82404B0F010218
:203B6800370068F03C088CDA82404B0F0102370068F0C21F370F688009DF49189E4B8CDAAF
:203B88003B0001004B0F0102F6198CDA3B0001004B0F0102370068F03C098CDA3B00010000
:203BA8004B0F0102370068F0C21F42F8C2F83708688009CF4618DF0F2102911000EF09C471
:203BC800A809F4A46DFFA3F5538221F03C0109C9051809CA04184DC0E2FF370FE1F78B0FE9
:203BE80020B23C010D00400300003C01530922F010E2530922F010E4B940140237800E008B
:203C0800F92014028220530922F010E2530922F010E4394F1602370F83F2E92F160254FF2B
:203C2800B70F1C007B0000FD7E0F4DC0E1FF16073C0154F0B7000C0AB770030E7B00001179
:203C4800E21FA2F03C0254F0530922F010EF59F00802820082118202530922F010EF19F375
:203C68001002370303303713813137230434530922F010EF59F31002530922F010EF53099B
:203C880022F010E2392F1202B70F01F2E9FF120209DF49189E4DD4AF49FF1C1A530922F044
:203CA80010E280FF592F0C02820082118202530922F010EF19F31002370303323713813364
:203CC80037230436530922F010EF59F31002530922F010EF530922F010E2392F1F0296048D
:203CE800E9FF1F028CDA82404B0F0102F6188CDA82404B0F0102370068003C088CDA824090
:203D08004B0F010237006800C210530A22F010EF530A22F010E2B92F140237007000370F13
:203D28000EF0F9FF14028220530A22F010EF530A22F010E2392F1602370F83F2E9FF1602C3
:203D48004CD6EE4049DF101A80FFB70F1C007B0000FDFE014DC0E1FF16073C0149DF101A48
:203D680080F0B7000C0AB770030E7B000011E21FA2F03C0449DF101A80F0530A22F010EF37
:203D880059F00C02820082118222530A22F010EF19F310023703033237138133372304367E
:203DA800530A22F010EF59F31002530A22F010EF530A22F010E2392F12029620E9FF120232
:203DC8003C3C4CD6B70F1C007B0000FDFE004DC0E1FF8F7F00013C014CD6B70F0CFAB77F8C
:203DE800031E7B0000F1E2F0A2013C0309D11809530A22F010EF59F10C0282008211820220
:203E0800530A22F010EF19F31002370303323713813337230436530A22F010EF59F3100241
:203E2800530A22F010EF530A22F010E2392F1202B70F81F2E9FF1202530A22F010EF530A2F
:203E480022F010E2392F1F029604E9FF1F02BBF0FFFFD4A4894F14196DFF59F4914000FF7B
:203E6800D9FF1068538221F010FF3C01083F96022CF3D4A46DFF4BF4914000FFD9FF106877
:203E8800538221F010FFB04F3C01083F96022CF3D4A46DFF3CF4914000FFD9FF10685382E2
:203EA80021F010FF49FF080A3C01083F96022CF3530A22F010EF530A22F010E2392F1F02ED
:203EC8009604E9FF1F02534A20F010EF534A20F010E2392FC2819601E9FFC28109DF491836
:203EE800DF3F308009D09408DA103FF00A0009D0F208DA0F37F085F389DFB2083C0B09D0B7
:203F0800F2088CDAC2FF370F70F037F085F389DFB20809D09408DA103FF0090009DF70081A
:203F2800B70F01F089DF30083C0609DF7008960189DF300809DF7208964089DF32083C37FC
:203F480009DF4918DF1F248009D09408DA103FF00A0009D0F208DA0F37F085F389DFB20859
:203F68003C0B09D0F2088CDAC2FF370F70F037F085F389DFB20809DF7008960189DF3008FA
:203F880009DF7208964089DF32083C1109DF7008960189DF300809DF7208964089DF320881
:203FA80009DFF208B70F85F389DFB208530922F010EF530922F010E2392F1F029604E9FFDF
:203FC8001F02534920F010EF534920F010E2392FC2819601E9FFC28109DF49181E464CDC2D
:203FE800D4AF89FF1C193C054CDCD4AF89FF201976B30D0000033C010090913000FFD9FF2E
:20400800300654F8370864F0EE0382023C096D003E00370864F04B0F41F14BF251203C0114
:204028000090913000FFD9FF300654F8370864F2EE0382023C096D002A00370864F24B0FF9
:2040480041F14BF251203C01009002486D0050018200DA003E84DA013E873C0B913000FFDE
:2040680019F000263C08913000FF19F004263C0382023C0176094B0061F17B0028044B0FB5
:2040880051F04BF241203C0100906D00DA00913000FF39FF3106370F6402DA003E0CDA014B
:2040A800BE0BDA02BE0EDA035F0F2100DA045F0F23003C26913000FF39FF0C16160FEE021B
:2040C8003C0A913000FF39FF0C16160F4B0F41F14BF251203C177B0017F44BF251203C1244
:2040E8007B001FF44BF251203C0D7B0027F44BF251203C087B002FF44BF251203C0382029C
:204108003C013C010090910000F6D9FF000054FF4B0F61213C010090913000FF39FF3706FD
:20412800370F62F2EE06BB00C22B9BE2CB243C11913000FF39FF3706370F62F25E199100B1
:2041480000F6D9FF000054FF4B0F61213C0282023C010090913000FFD9FF00066DFFDEFFE4
:2041680009FF640816015E1A09FF6E08167FC21F4B0F41F14BF251203C2409FF6408370FEC
:20418800E1F15E1EBB00C20B9BE0CB0409FF6C08167FC21F4B0F41F14BF051203C1209FF77
:2041A8006908370FE5F0C21F4B0F41F14BF2410009FF6C08167FC21F4B0F41F14BF0512056
:2041C8003C010090913000FFD9FF00066DFFA6FF09FF540816015E1A09FF5E08167FC21F84
:2041E8004B0F41F14BF251203C2909FF5408370FE1F15E1EBB00C20B9BE0CB0409FF5C08E2
:20420800167FC21F4B0F41F14BF051203C1709FF5908370FE7F0C21F4B0F41F14BF2411014
:2042280009FF5C08167F921009FF5B08160FC21FE2F04B0041F14BF151203C0100909130D8
:2042480000FF39FF3306370F62F282003E0482103E083C0ABB00C22B9BE2CB243C013C06D7
:204268006DFFB2FF3C0382023C013C0100906DFFE8FF913000FF39FF3106370F6402DA0044
:204288003E0CDA01BE0CDA02BE0FDA035F0F2200DA045F0F24003C27913000FF39FF32060E
:2042A800160FEE0382023C0A913000FF39FF3206160F4B0F41F14BF251203C177B001FF4A6
:2042C8004BF251203C127B0027F44BF251203C0D7B002FF44BF251203C087B0037F44BF2DA
:2042E80051203C0382023C013C0100906DFFA9FF913000FF39FF3106370F6402DA003E0C65
:20430800DA01BE0CDA02BE0FDA035F0F2200DA045F0F24003C27913000FF39FF3106160FB3
:20432800EE0382023C0A913000FF39FF3106160F4B0F41F14BF251203C177B001FF44BF20E
:2043480051203C127B0027F44BF251203C0D7B002FF44BF251203C087B0037F44BF2512025
:204368003C0382023C013C010090404F820891000026D922000009FF0819742F6D00480517
:2043880002296D005905022A02946D0041049130002F392F3046370FE1B19130002F392FAD
:2043A800304696089130002FE92F304602946D004F0502A46D0054043C019130002F392F0C
:2043C8003306370FE1F3EEFA9130002F392F3306B70F02F29130002FE92F33069130002F1E
:2043E800392F330696409130002FE92F33069130002F392F180696109130002FE92F1806BB
:204408003C019130002F392F3306370FE1F3EEFA9130002F392F3706B71F02F29130002F75
:20442800E92F37069130002F392F370696409130002FE92F37066D00B001A62802A46D0070
:204448002E05DF087E8102A46D000A043C019130002F392F1406370FE1F26EFA9130002FFA
:2044680039201C0608AF37F007F09130002FE92F1C069130002F39201B06088F37F004F09E
:204488009130002FE92F1B069130002F39201906089F37F087F09130002FE92F1906913056
:2044A800002F392F180696409130002FE92F18069130002F392F1A06B70F01F09130002F24
:2044C800E92F1A069130002F392F180696209130002FE92F18069130002F392F1A0696013B
:2044E8009130002FE92F1A069130002F392F1A0696049130002FE92F1A06BB70714B9B14BC
:2045080085436D00A7013C019130002F392F1406370F61F16EFA9130002F392F1806B70FCB
:2045280001F09130002FE92F18063C019130002F392F3306370FE1F3EEFA9130002F392F34
:204548003306B71F02F29130002FE92F33063C019130002F392F3306370FE1F3EEFA4834C3
:204568006D0078019130002F19203006485F82F1C61F26F0485F4841261FA6F0DA0137F0CC
:20458800020EDA0137F0010F9130002FD922300674203C019130002F392F3706370FE1F350
:2045A800EEFA9130002F19203406487F82F1C61F26F0487F4861261FA6F0DA0137F0020E16
:2045C800DA0137F0010F9130002FD922340674203C019130002F392F0316370FE1F3EEFA58
:2045E8009130002F19200016489F82F1C61F26F0489F4881261FA6F0DA0137F0010F9130C1
:20460800002FD922001674203C019130002F392F0F16370FE1F3EEFA9130002F19200C16B7
:2046280048BF82F1C61F26F048BF48A1261FA6F0DA0137F0010F9130002FD9220C1674207F
:204648009130002F1920002648DF82F1C61F26F048DF48C1261FA6F09130002FD922002652
:2046680074209130002F1920042648FF82F1C61F26F048FF48E1261FA6F09130002FD92260
:204688000426742002A46D000A049100802F192F140209F0041982F1C610260F09F00419EB
:2046A80082F1C610260F09F0041909F100192610A60F02946D00AC029100802FD92214025E
:2046C800742F02946D00C403820C3C3702A46D00C7023C019130002F392F1406370FE1F2C0
:2046E8006EFA9130002F39201C0653CC20F0C8121022142F37F007F09130002FE92F1C0619
:2047080002A46D00CC0353CC20F0C81210224C226E0953CC20F0C8121022092288092D0269
:20472800000053CC20F0C8121022092402096D009100C21C370C68C014FF3FFCC9FF02A4FB
:204748006D008E02913000FF39FF1806B70F01F3913000FFE9FF180602A46D00A003029472
:204768006D005602913000FF39FF2C469608913000FFE9FF2C46913000FF39FF304637BFE6
:2047880081F1913000FFE9FF304602946D00600302823C0100903B00288082096D003803B4
:2047A800022A913000FF39F01006B7008202913000FFE9F01006913000FF39F0120691004A
:2047C80000F6D9FF000054F13B005AF29B6F02F04BF111229AF2370F68F037F005F09130C5
:2047E80000FFE9FF1206913000FF39FF10069604913000FFE9FF10063C05C2F8F68382193D
:204808003C0D913000FF39FF10066F1FF87F913000FF39FF11066F0FF27F02A46D00F8012A
:20482800913000FF39FF2C469608913000FFE9FF2C46913000FF39FF30469608913000FF82
:20484800E9FF304602A46D00030302923C01009002486DFFF6FC913000FF39FF3506160F78
:204868004B0F41F14BF251F03C014B8F41F04B0F71F185F110003C0185F01000A2103FF0F9
:20488800FDFF0090DA018B0401000F0F10F0913000FF59FF248600908FF43F006F0415005F
:2048A800913000FFD9FF1086534020F010F2913000FFD9FF1086534020F010FF083F375F60
:2048C80003F22C233C13913000FFD9FF1086534020F010F2913000FFD9FF1086534020F099
:2048E80010FF081F375F03F22C2100908FF43F006F041500913000FFD9FF1086534020F0F7
:2049080010F2913000FFD9FF1086534020F010FF083FB70F01F02C233C13913000FFD9FF79
:204928001086534020F010F2913000FFD9FF1086534020F010FF081FB70F01F02C21009099
:204948008FF43F006F041500913000FFD9FF1086534020F010F2913000FFD9FF1086534071
:2049680020F010FF083FB70F81F02C233C13913000FFD9FF1086534020F010F2913000FF61
:20498800D9FF1086534020F010FF081FB70F81F02C2100908FF43F006F041400913000FFAB
:2049A800D9FF1086534020F010F2913000FFD9FF1086534020F010FF083F96012C233C1281
:2049C800913000FFD9FF1086534020F010F2913000FFD9FF1086534020F010FF081F96015E
:2049E8002C2100908FF43F006F041400913000FFD9FF2C86534020F010F2913000FFD9FF02
:204A08002C86534020F010FF083F96202C233C12913000FFD9FF2C86534020F010F29130E0
:204A280000FFD9FF2C86534020F010FF081F96202C2100908FF43F006F041400913000FF70
:204A4800D9FF1086534020F010F2913000FFD9FF1086534020F010FF083F96022C233C12DF
:204A6800913000FFD9FF1086534020F010F2913000FFD9FF1086534020F010FF081F9602BC
:204A88002C2100908FF43F006F041400913000FFD9FF1086534020F010F2913000FFD9FF7D
:204AA8001086534020F010FF083F96082C233C12913000FFD9FF1086534020F010F2913090
:204AC80000FFD9FF1086534020F010FF081F96082C210090DA010F4F00F0913000FF19F01B
:204AE800208626F0760382123C0282023C0100908FF43F006F041500913000FFD9FF1086DE
:204B0800534020F010F2913000FFD9FF1086534020F010FF082F375F03F22C223C139130E8
:204B280000FFD9FF1086534020F010FF9130002FD9221086534020F01022142F375F03F22A
:204B480034FF00906F041F008B05011082100F10100086F4913000FFD9FF2C86534420F02B
:204B680010FF9130002FD9222C86534420F01022542F82F2C620260F0F160060A66F74FF89
:204B88003C1B82100F50100086F4913000FFD9FF2C86534420F010FF9130002FD9222C869E
:204BA800534420F01022542F82F1C610260F0F560060A66F74FF00908FF43F006F041500EC
:204BC800913000FFD9FF2C86534020F010F2913000FFD9FF2C86534020F010FF083F375F05
:204BE80002F32C233C13913000FFD9FF2C86534020F010F2913000FFD9FF2C86534020F03E
:204C080010FF081F375F02F32C2100904DC0E1FF16073C0153CF20F060FF9130003F30F3F3
:204C2800D93F004654FF2E1B8F2420F0960154F0370070088F002100A60F74FF86248F24F0
:204C480040F154F0370070088F002100A60F74FF3C0154FF1601DF1FFE7F0090913000FFDE
:204C680019FF30366F1F12008F2420F09601913000FF19F03036370070088F002100A60F71
:204C8800913000FF59FF303686248F2440F1913000FF19F03036370070088F002100A60FBD
:204CA800913000FF59FF30363C01913000FF19FF30361601DF1FFB7F00904DC0E1FF1607CA
:204CC8003C01913000FFD9FF004653CF20F010FF54FF2E1B8F2420F0960154F03700700887
:204CE8008F002100A60F74FF8F2420F0960254F0370070088F002100A60F74FF3C0154FF1E
:204D08001601DF1FFE7F084F96082CF454FF2E1B8F2420F0960154F0370070088F0021004B
:204D2800A60F74FF86248F3440F154F0370070088F002100A60F74FF3C0154FF6F0FFF7F4E
:204D48000090913000FF19FF30366F1F12008F2420F09601913000FF19F0303637007008A5
:204D68008F002100A60F913000FF59FF30368F2420F09602913000FF19F03036370070080F
:204D88008F002100A60F913000FF59FF30363C01913000FF19FF30361601DF1FFB7F91305D
:204DA80000FF39FF34369608913000FFE9FF3436913000FF19FF30366F1F12008F2420F0F9
:204DC8009601913000FF19F03036370070088F002100A60F913000FF59FF303686248F3406
:204DE80040F1913000FF19F03036370070088F002100A60F913000FF59FF30363C019130BB
:204E080000FF19FF30366F0FFC7F00904DC0E1FF16073C0153CF20F060FF9130003F30F389
:204E2800D93F004654FF370F6EF18FFF83213C013C010090913000FFD9FF303654FF370F41
:204E48006EF18FFF83213C013C0100904DC0E1FF16073C0153CF20F060FF9130003F30F3B4
:204E6800D93F004654FF2E1B8F2420F0960154F0370070088F002100A60F74FF86248F349E
:204E880040F154F0370070088F002100A60F74FF3C0154FF6F0FFF7F0090913000FF19FF1A
:204EA80030366F1F12008F2420F09601913000FF19F03036370070088F002100A60F913086
:204EC80000FF59FF303686248F3440F1913000FF19F03036370070088F002100A60F91306B
:204EE80000FF59FF30363C01913000FF19FF30366F0FFC7F0090F647094F40189601894F8D
:204F080000183C08DF140780094F40189604894F00180090F647094F7C089601894F3C081D
:204F28003C08DF140780094F7C089610894F3C080090FF240B00538420F0911000F8D9FFF7
:204F4800A86E10FFD4F23C02A0023C01009082F282003C17538020F0911000F8D9FFA86EFE
:204F680010FFD4FF7D4F0D80538020F0911000F8D9FFA86E10FF481F370F48203C04C2104E
:204F8800BF20EAFF3C010090404C405F09C0380909C13C0914FFEE0C083F37F00500082F79
:204FA80037F00504081F37F1011182183C0F14FF5E1C083F37F00508082F37F0050C081FD5
:204FC80037F1011382183C02820889C13C0989C0380940C46DFFBDFF09FFC8086E26081F53
:204FE800EE099140002FD9225028538220F010223C099140002FD9225028538220F0102259
:20500800B04208A009FFC8081421370F68F037F108F0342F0C21370F82F12C210C239602C6
:205028002C230C2196042C2108264CC4820102F009C32C0982020F20A0400F31A0503C0151
:205048006DFF1ED83C0114FF534F20F010C28922300914F440C46DFF50FF14F440C46DFFEF
:205068005BFF08264CC4820102F009C32C0982020F20A0400F31A0503C016DFF01D83C0198
:2050880014FF534F20F010C2481F42F28922300902823C010090025FC234B7040200370056
:2050A80050808BC801008B8000406D00DB10BC2640240B8F10486D0004003C010090C234B5
:2050C800B70402F0370F5000DA00894F1808DA01894F1908804F8BCF01F0C27FB70F03F0CB
:2050E800744FDA00AC42DA00AC47DA00894F0A09894F0609DA00AC49AC48894094088945AE
:20510800960840423C010090F445DA006C410C4896012C480C4896022C480C48B70F01F10F
:205128002C480C48B70F81F12C480C48B70F01F22C480C4896202C480940C808DA0837F0D2
:2051480006F3AC440C49B70F01F22C49DA00894F0E09DA00894F1209DA00894F0A090C492B
:20516800B70F81F22C490C49B70F01F32C49094F5808B70F01F0894F1808094F5808B70F10
:2051880081F0894F1808094F5808B70F01F1894F1808094F5808B70F81F1894F18080090BE
:2051A800DA00344FDA00AC41DA00AC42DA00AC43DA002C48DA00AC45A00FEC43DA006C44B1
:2051C80000908F841EF08F0F0801B70408FC3704E81BB71F812BDA7F7FF10480820200908F
:2051E800DA967F1F048082023C068B6109F1325F0FF2002037024820760432523702482077
:205208000090B70408FC3704E80BB71F811BDA7F3FF00580DA967F0F0480820200908B6009
:2052280009F1325F0FF10010370168200090B70408FC3704E80BB71F814BDA7F7FF00480A0
:20524800D2020090DA967FF0078082058B6009611DFF16D782058BA016601DFF12D7B704AF
:2052680008FC3704E80BB71F811BDA7F3FF00580DA967F0F0480820200908B6009F1325F69
:205288000FF100103701702000908B0420F28B0500F5EE0A7B0008008203B700892B8F730B
:2052A80001F0A6F2009082029B02F02FBBF0FF3F9BF3FF3F0F2480000F358010BA008B010B
:2052C80000F4EE4C3B7001800B451068BB00FF1F9BF1FF1F8F0400012651BA008B0100F4DC
:2052E800EE2182019BF1FF1F8F0400012651BA008B0100F4EE098F751E1077458043021566
:205308003B0003803C0F8F351F107745804902153B4002803C078FF51F107745804F021558
:20532800C2180F2480000F3580108B0020F28B0100F5EEF202490B6710A8D2148B881E601A
:205348006DFF9FD60F2A80000F3B8010BA008B0100F4EE2B3B0008703C293B600930BB00D7
:20536800000F9BF00F0026408F0500118B0020F28B0100F5EE073BA00830774500568FC4E6
:20538800004082009B00080082013C05C2F37745805006140B0430F10B1500F20B15A0F28D
:2053A800EEF602401DFF7BFF82078BF29F008BF3BF1026A026B1BA008B0100F4EE038F07D9
:2053C80044718BF80760820402951D00C8103BD03CF19B4FEDF34BF401F02E031D00C511BE
:2053E8007B00F803BBA027F89BAF01F44BF401F02E2C3BB0FDF09B9FFCF34B4051406D0062
:20540800B4116B02312F00906B0031F46B0021044B0F51406D00A9113BB0FDF09B9FF4F337
:205428006B0F2122009091100048D944B8BF1D0002008208404F8209820A820BC81CC82DE5
:20544800483C09FF1001DF1F238080CF160180D08F100001FE046E04C2FC04DF24CF76CF63
:205468008F3C00018FEC1FF06E0902F140D2C2F16014442164C1FC4E90DD020CDF0CE07F92
:20548800C2FC60C204DF24CFFC2E3CD9DE2580CF2E03C2FC24C9DF0CD37F8F3C00F106ECF6
:2054A80076C5C2FC60C264CAFC2F6EC9C2FF60F224CBFC2F3CC48F0F1F00DF002E008F3F74
:2054C8000001DF102B8080CF8F3F00D180DF1603FEDB76DB02D440C440D56D000F0701CD59
:2054E80000C601DD00D6A2DC76CF8F3C00018FEC1FF06E0902F140D2C2F16014442164C1E4
:20550800FC4E90DD020CDF0C9B7F02C440C440D56D00F4063C9400901603DF2F91FF80CF0D
:2055280016036E0702F440C46D00D10610CCA2FCDF0C867F8F3C004106EC76C5C2FC60C214
:2055480064C8FC2FDF047C7F40C46D00C0061DFF77FF205089A4380989A62C0989A7340996
:20556800DA01A00F820909AA1019780C89A9081989A9280902A089A90019B70089FBF806D2
:2055880078113700E8FB78080258404C029D405D8BFF0FC27B00F8B376C658116E04029C88
:2055A80009AD30095808BA0F7813F68A3B700600580B3E043B7004007E0382183C23580DDC
:2055C8006F5F21803B100600580B3E043B100400FE095811EE0382083C1582788F3F00000B
:2055E80082013C06C2F88FC31F107723000E0B011028FBF0000026202631BA008B0100F4F5
:20560800EEF2DA00780F02A46D0035087625DA2D780F67AABFAFEE0E580D8F8F0101DA08E6
:205628007E03DA2B3C068B000102580FAB0FA2F0780F09A00019AA1089A00019DF0D160012
:20564800580B911000F8D9FFD07E10FF081F2E37911000F8D9FFC07EF8063C1B911000F8E8
:20566800D9FFC47EF8063C15DF0C1D00580B911000F8D9FFD07E10FF081F2E36911000F85C
:20568800D9FFC87E3C05911000F8D9FFCC7EF8065810BB90FF0F9239580D260F780D1D0022
:2056A8008C013B100600580B3E053B1004005F0F27805808AB1F18FF780858109230F68396
:2056C800580D2E22C210428058083BC0F91FC2207FF106003B4006103F1F0400DA033C0A98
:2056E8003B60FF1F7FF106003BA000103F1F0400DA02780C580C12091D005F01580849AF72
:205708000A0A6E7549A4140A02A46D008B0E09AC1409022A370CE8FB82006E55BBF028ECAB
:2057280049AE130A7B0012D49B5ECFE33C3F49A20A0A7D2E0C8049AF120A49AE130AA07256
:2057480009F03FF489E03FF4FC2CBBD0CC0C58059BC0DC0349A4140A4B0F41406D00620E94
:2057680089A20609DF0914806B0E21F24BDB41B04BDF41406DFF27FD762A4BBC514049A468
:20578800140A82196D004E0E89A2060909AF06096B0E21FF4BDF41406DFF15FD8B0203F03C
:2057A80089EF3FF4580AC21F780A5805370FE8FBEEBF3C0304EF24FF49A2130A012E20F49E
:2057C800EEFA3C154B0A01F06F2F12007B0012043C064B0A41A0580AC2FF780A4B0A41F05E
:2057E80089AF06094BBF01F06F0FF5FF3B600610580B028082093E143B6004107E13580AD8
:2058080012803B500610580B3E143B5004107E12C210CE03DA003C038B7000F310A2492E96
:205828000A0A3C117B0012F449A4060A4BFA41406D00F80D022A09A406096DFFC4FC8B02A8
:2058480003F024FF01FE20F4EE0649A2130A012F20F4EEE909EF000840EFC25F3C0A49AF72
:205868000A0A01EF30F4EE0740EF09EF3FF4C21F34EF3C08DA3134EF49EF010A580AC21FAD
:20588800780A09E00008DA393F0FEB7F89F93FF049A20A0A012F20F4EE0609F00008DA30CF
:2058A8005F0FF67F3B500600580BBE013B5004003E0E3B6006005F0F3C003B6004005F0F17
:2058C8003800580A3FF80400FFDF330058103B50062049AF0A0A9210580B09A10A083E2492
:2058E8003B5004207E2C761349AF0B0A14FFEE04580DAE227682C21042803C170282761589
:205908008BF81F2049AF0B0A14FFEE03580D2E22C21082013C0814FFEE03580D2E23C210D2
:20592800B01FC2113F21F97F8B4000903C453B600600580B3E043B6004007E0F09A02809BD
:20594800FA10AB10A09F581042F9F684580D6F2F34001A8992193C300280580A49AF0A0A3D
:205968004EF4581092193C0D09A1280958101219021F14F17612B01FABF01F00C2FFEEFA33
:2059880014FF6E02F604580D6F2F1700580AC219325F3C04C2FFC219C2F07607FF1FFC7FF6
:2059A8003C04C219B01FC2F0760314FFEEFB580D16042B09009F580F6E0D580D16036E0AA4
:2059C80061FF1BD409A43C0940C46D005304DA00780FD806BD0F1A803B100600580B3E041B
:2059E8003B100400FE02580D16036E0F54DFC22F61FFF0D36D003E04580B40C48B7F0140AD
:205A08006D003804DA017812580D6F0F1680580EA29F3C0F61FFF1D3580D40C416028B0FC6
:205A280020F2864F8B0F02406D002404580EC2FF780EFF1FF17F580F6E0861FFDED309A430
:205A48003C0940C46D001604D806BCFA40F440C56D001F0454DFC23F74DF1D008A013B1097
:205A68000600580B3E053B1004005F0F9F808F28200058138B7001018B1F03A1BF10220018
:205A88008201DA177FF00800821258110F021020262F6E02821182F2C2F00F0200F0C6F29E
:205AA800F6145811262F6E045811A62F78115811C21F7811EF7F0600DA0078113B2003A035
:205AC8005812EE0D54DFC22F61FF84D36D00D203580B40C48B7F01406D00CC0361FF8DD38E
:205AE80002A440C46D00C603F683580D2E2561FF7ED36D00BF0358113B8001B054D08F1F06
:205B080000A0428074D03C183B000340DF0B1100C2CB02B032500F0A00F0160F8B0F03403E
:205B2800DA397F4F0600580B8B6F1CF042F440C46D00A003C2F8FF18E97F580B40C48BFF99
:205B480000406D0097035808CEF63BD00240325F78083C033BB0024040C46D008B03580CA5
:205B680054D0C22F42F0580C820110AF34F13BA00010580CC2FF370F68F0780C10AF5808BA
:205B88004B1F01228B0303F034FF09A220094B12012289A26009DF02EEFF74D040A440C5D9
:205BA8006D0077031D00E5003B50060049AF0A0ABE013B5004003E0E3B6006005F0F780036
:205BC8003B6004005F0F7400580A3FF80400FFDF6F0009A00A08580AAB1F20A076093B7081
:205BE8000610580B3E143B7004107E12C2F861FF04D376063700684049AF0B0A3C033B00B0
:205C0800034040C46D00360314FFEE0B580DAE29768C3B500600580B3E043B5004007E05FD
:205C280061FFE5D26D002603820B3C1A09F00008F60A580DAE283B500610580B3E143B50AF
:205C480004107E1D61FFD9D2760537006840B01F3C033B00034040C46D000C03C21B3F8B75
:205C6800E77F61FFCAD2580B40C48FDF0F416D000103C2FA54DFC21F0EA43BB002403C0435
:205C8800325A3BD0024074DF40C46D00F30261FFA6D28B00034040C46D00EC0261FF9FD294
:205CA8008B01034040C46D00E5023C6209AA28094EA854DFC21F61FF8DD26D00DB023C19CB
:205CC80054D0C21074D014F47643B01F3C033B00034040C46D00CE023B600600580B3E06AC
:205CE8003B6004003E03ABF81F88C2FAFF1AEA7F3B600600580B3E063B6004003E0314FFF9
:205D08006E02F684580D6F2F340061FF76D2580A3BE00240325F3C0854D03B000340C210AA
:205D280074D0C2FFC2F840C46D00A402768BFF1FF57F3C0861FF61D204F440C46D009A0216
:205D4800C2F8768314FFEEF73B600600580B3E0E3B6004003E0B580D2E2B3C0854DFC21F42
:205D680061FF38D26D008602C2F8DF08F9FF580EA29F3C0A54D03B00024040C4C21074D07B
:205D88006D007802C2FFFF1FF77F00902010404C405D89A68C09DA00780209D40008DF04F6
:205DA8005002DA257E4409D001047E08B01D49A5080A40C46D0054023CF1820A0BAA1088CA
:205DC80009DF01003BD002007E048F1A40A13CF93BB002007E07BBF0FE0F26A08F8040A1A4
:205DE8003CF03B0002007E066F3AECFF8F0A41A13CE83B0003007E048F2A40A13CE23B3098
:205E080002007E048F4A40A13CDC3BA00200FE03D803B04FF80309F83CF9CE848F1A40A15F
:205E2800325809DF01003C0D13A820FF8B0F1D8009DF01008B0F1D0037006800BFA0F6FFFA
:205E48003BE002005F0F23808F0A42A109DF01003BA00200FE05D803B04FF80309F93CF9BB
:205E6800CE968F1A40F1BBF0FDAF26FA09DF01003C0D13A920FF8B0F1D9009DF01008B0F8E
:205E88001D0037006800BFA0F6FF3BC006007E048F0A48A13C1E3B8006007E048F0A44A1CA
:205EA8003C183BC004007E048F0A50A13C123BA006007E04B71A81A43C0C3BA007007E0428
:205EC800B71A01A53C063B400700FE01B71A81A53BC006003E043B8006007E0709D000081F
:205EE8007E04B71A01A6B01D09DF01003B3006005F0F2F808F1A00F1EE0E3C093B00024004
:205F080049A5080A40C46D00AB01C2F87F890400FF28F67FD80340C449A5080AB04FF80321
:205F280009F03CF9370048406D009A01DF0F377F3C093B00024049A5080A40C46D009001FC
:205F4800C2F87F892C7FFF28F67F1DFF28FF3B400600BE013B9006003E0E3BF006003E0B16
:205F68003B8007003E083B8005003E053B5007005F0F598082023B4006003E043B9006001D
:205F88007E0282123B0008010F0A80105F0104006F9A05003B8000003C0282403B80001000
:205FA8005F100980D80349FF080AF80309F078F93C15D803B04FF80309F03CF90B000008E0
:205FC8000B0110483B0004010F0A80105F010D807628370448000B0000080B0110483C1398
:205FE800370468403C0F3B0004005F010B807626370450000B0000483C06370470403C025C
:20600800F62282056F5A0600BBD0FF0F260A3C0282190BFA106889A440090B8910481D006C
:20602800CB003B300700FE066F5A0680BBF0FF9F9BF9FF97D8030BA8104840C5029649A6E3
:20604800080AB04FF80309F4BCF96D00CC021DFFA6FE3B600600BE063B600400BE033B502F
:206068000600BE003B5004003E0D3B7006003E0A3B7004003E073B1006003E043B100400AB
:206088007E0DD8038F0A0211AB698091B04FF80302F609F03CF974A03C2C3B200700FE08BD
:2060A8006F6A0800D803B04FF80309F03CFA3C06D803B04FF80309F03CF98F0A02F1EA69CF
:2060C800DA004BF051F174AF3B6006603C123B200500FE09D8038F0A02F1EA6949FF080A74
:2060E800F80309F478F96DFFADCF3B60066074A20B89104849A5080A02A740C46DFF2BFA06
:206108001DFF4DFE3B0007005F0F5D806F8A45006F0A0E80DA113C093B00024049A5080A91
:2061280040C46D009D00C2F83F8FF8FFD803A03E49FF080A09FF3FF449A5080A370F68408E
:2061480040C46D002101FCE73BA0034049A5080A40C46D008500D803A03E49FF040A09FF96
:206168003FF449A5080A370F684040C46D000C01FCE7DA113C093B00024049A5080A40C4E4
:206188006D006E00C2F83F8FF8FFD80349FF080AF8031DFF04FED8033B8000400245B04F33
:2061A800F8038F2A407109F03CF9820189A040093B80076049A5080A40C46D0000011DFF9F
:2061C800EEFD3BE006005F0F37803B0008010F0A80F03E036F9A0E00D803B04FF80309FF84
:2061E800BCF909A00809820189F040091DFFD7FD3B000401260ADA407EAAD803B04FF8036C
:2062080009FFBCF95802B4FF1DFFC9FD5F0A0B80D803B04FF80309FFBCF9580234FF1DFF9B
:20622800BEFDD803B04FF80309FFBCF9580274FF1DFFB5FD910000F6DA1959FF104009A2A1
:2062480008090090910000F6DA1759FF10403B0004406D000C007B00FC270090370468406C
:20626800545FC21F745F1D000500BA0492F20090D44FBCF440F41D000E09CC414C4280F075
:206288007FF0068034F4CC41B01FEC410090404F405C3C06370F684040C46DFFEBFF09FF83
:2062A8000100EEF900903704E82BB704894B8BF20F228B04002400903704E82BB704894BB3
:2062C8008BF20F228B04202400903BF00F00804F1603063F0FF0100082FFC6F0C2F4604F93
:2062E800804FB70F02F060F2B014542F260F742F77000004FCF60090804F16033BF00F007F
:206308008F3F00100F10100082F1C610C2F4604F8041B7010220095101008F3F0030B01402
:206328000F3110106022C21F542216032602A612742277000004FDF0ED7F0090404F0B454A
:2063480010A849FD160A026840FCDA0034DF820702860BAB10486DFFB9CE23820A0A0B238B
:2063680010A88BA060F2CA708B0003F089DF3FF48B0220F28B0300F5EEEB04DF24FFEEFEA0
:2063880040C200900248404F8FC83F40405CDA090B4F2001DA37AB0F83F042F46DFF60FF7B
:2063A8008FF8000140F4DA0940C50B0F2011DA37AB0F834142041DFF53FF026E2020DA58C1
:2063C800404F0B4510A8405C027909AC600982085FEF7300DA643EEDDA693EEBDA6F5FEF32
:2063E8006C00DA75BEE4DA785FEF67001D00ED00D2000B0C50F10B1D00F20BD190F2EE0790
:206408003BD002800BC0C0C00BD1D0D00BCD104840A43BA000606DFF93FFF6B6BA0C8B0DC9
:2064280000F4DF0FDF8040A46D00EC08370268C0DF081180DA753EE88F890101DA087E0402
:206448003BB002803C078F8901F18B0F01F2AB08A28F768CABFA1FAA8F3900F16E0740F437
:20646800028440C56DFFFCFE82086F0914808F2900F18B0F20F2864F8B0F02F03C0740F460
:2064880002F440C56DFFECFEC2FA7FAB04003FACF87F768E40F4028440C56DFFE1FE3C0805
:2064A800C2FB61FF92CE6DFFDBFEABFA1FAA3FBCF97F1D008A008BFE268240A48F3820F09E
:2064C8008B8F00600BCD10486DFF3AFFDA78FEE314AF40A26E10092000088BF01BF0370F12
:2064E8006810DA193F1F05808B0002F0342F092F0104EEF240A46D008508370268F078065C
:206508008B0C20F28B0D00F5EE0AF6B6DF086A806F296800821BBBB0FFFF26F96F291B00F0
:206528006F191300768E61FF50CE6DFF99FEABFA1FAA40F402E440C56DFF92FEABFA1FAA3C
:20654800BBB0FFFF26F9DA6F7EE558063FBF0300921B6F29090076875806C22BC22F370FD3
:2065680068F078066F0915808F2900F18B0F20F2864F8B0F02C03C0740F402C440C56DFFFC
:206588006FFEC2FA7FAB050058063FAFF77F6F291900DF08170061FF18CE6DFF61FEABFA74
:2065A8001FAA40F402E440C56DFF5AFEABFA1FAA3C08C2FB61FF09CE6DFF52FEABFA1FAA57
:2065C80058063FBFF87FBBF0F74F40A4BBF0FF6F40F5269440C602A59BF6FF671D0003003F
:2065E80000900248404F025F405C0269406D6D000908022A6F0819803C083B00024040C496
:2066080040D56DFF2DFEC2FF3FFAF97F3FF9F77F3C0BC2F909F40100DF04110040C440D599
:206628006DFF1EFE8AFFDF09F6FF3C083B00024040C4C2FF40D56DFF13FEEEF90090910044
:2066480000F6D9FF0400D4F291200056D955408A01240046015420F4EE0891200056D9559C
:20666800C08A014530F4EE0482FF60F20090F4F400908F141E20009002483708E8FB820929
:20668800EE03028200904B9801F02E046788BF8F82197B00F8F36B88714F6D0085073B3092
:2066A80033F39B3FF3F34BF801F0AE264B2851406D0096003C0B3BB0FDF09B9FFCF34B82C8
:2066C80051406D008D006B02312F76936722BF2F00900B4510886DFFF1FDF62502946DFFEB
:2066E800EDFD76246B092128009002846DFFDDFDDF021B007B00F8F74BF901F02E163BB02B
:20670800FD409B94F4433C4D7B00F8FF4BF901F01602BB40BE4C9B6401443BB0FD009B902A
:20672800FC036A043C3E3709E8FB8200BA0F6E193708E8FBEE098F191EF03BB0FD209B9271
:2067480004246A8200904B0801F016043BB0FD209B92FC233BB0FD009B90FC0B6A020090C5
:206768004B0901F06F0F2C003708E8FB6E164B0801F02E2E3BB0FDF09B9F04F46788BF0F15
:206788004B9051406DFF25F66B02312F00907B00F8FF4BF901F02E183BB0FD409B94044415
:2067A80002851D002A004B9851406DFF12F63BB0FDF09B9F04FC6B0F212200904B0801F078
:2067C8002E254B9851401DFF04F66788BFFF4B9F51406DFFFEF56722BF2F0090DA004BF42D
:2067E80001F02E231DFFF5F56744BF4F6DFFF1F56722BF2F0090B704812F8F151EF08FFF8C
:2068080001F0A6F200906D00C9076D007F086D00020482146D0032193C0D91100048D94416
:20682800D1BE6D00B9013B401F406D00F0266D0083156D000C21DF02F2FF91100048D944C6
:20684800DEBE6D00A9013B401F406D00E0266D0073156D00AF073C1C910000F6D9FF182029
:2068680014FF6E1291000046D94404076D00BF026D008C006D00B622910000F6D9FF18207B
:20688800DA0034FF3C056D00AD226D007F003CE500906D00BB0782046D00100D6D008A078C
:2068A8003C013C000090910000F6D9FF080014FFEE4982046D000A1FDF122380910000F6DF
:2068C800D9FF100091000026D9221000142FC21F34FF910000F6D9FF100014FFBF2F0880B7
:2068E800910000F6D9FF1000DA0034FF910000F6D9FF1400DA0134FF82046D00DE1E82140E
:206908006D00E41EDF121E80910000F6D9FF100014FFEE08910000F6D9FF0800DA0134FF84
:206928003C07910000F6D9FF0800DA0234FF910000F6D9FF1400DA0134FF82146D00BD1E37
:206948003C1582346D00C21EDF121180910000F6D9FF0800DA0034FF910000F6D9FF140072
:20696800DA0134FF82346D00A81E910000F6D9FF140014FF6E096D00DF14910000F6D9FF5C
:206988001400DA0034FF009020106DFF8EFF910000F6D9FF080014FFEE4E6D00AF009100B2
:2069A80000F6D9FF182014FF6E45DA7EB4AFDA50ACA2DA002CA88204820591000046D94421
:2069C80004073BC00B603B8007706D00DE19DA6EB4AFDA50ACA2DA002CA83BF007408205DE
:2069E80091000046D94444513BC00B603B8007706D00CB19910000F6D9FF204014FF6E0ECF
:206A08003B8005403BC0065091100048D944EEBE3B007E606D00FB003C0D3B8005403BC0A6
:206A2800065091100048D944F6BEBB00806F6D00EE003C58910000F6D9FF080014FFDF1F2D
:206A48004080910000F6D9FF0C0014FF1E1D3BA006403B80055091100048D944C0CEBB0035
:206A6800806F6D00D400910000F6D9FF182014FF6E26DA7EB4AFDA50ACA2DA002CA8820439
:206A8800820591000046D94404073BC00B603B8007706D007A19DA6EB4AFDA50ACA2DA00D3
:206AA8002CA83BF00740820591000046D94444513BC00B603B8007706D0067193C13910013
:206AC80000F6D9FF080014FF5E2D3BA006403B80055091100048D944C5CEBB00806F6D0059
:206AE8009600910000F6D9FF0C0091000026D9220800142F34FF00903BA006403B8005509C
:206B080091100048D944CCCEBB00806F6D007F00910000F6D9FF100014FFEE1882043BC02E
:206B2800065091100048D944D1CE3BF001606D006E0082043B00085091100048D944C5CE39
:206B48003BF001606D0063003C1782043BC0065091100048D944C0CE3BF001606D005700C3
:206B680082043B00085091100048D944D9CE3BF001606D004C00009082046D009A1482143B
:206B88006D007C178204BBF0FF5F6D0041176D00D3130090404C40C46D003405538220F09B
:206BA800370F70F0910000F6D9FF042009F0C0087F0F0F80910000F6D9FF042009F0C00882
:206BC800A2F0DA024BF00102370070403C028204910000F6D9FF3C1009F0C008DA107F0F72
:206BE8000E80910000F6D9FF3C1009FFC0088B0F1FF082204B0F01023C028200BB90E16F81
:206C0800020540C46D000300009020100B451088404C026A40C46D00F50437027040DA1410
:206C28007F4F04803B40014053842000C21082023C1582013C1003020A31532320F091007A
:206C480000F6D9FF244010FFBBF0FF3FB4F3C211370168103F01F1FFC212DA103FF2EBFFCF
:206C680082023C7F01C200F609F10008DA203FF1090001C200F609F10008DA7E7F1F03002B
:206C88003C6D82033C69DA0803F20A133701705001C200F609F10008370168108B011E1008
:206CA800530121F0911000F8D9FF0E9F10FF01F300F614F601C200F609F1000837016810DB
:206CC8008B011E10530121F0911000F8D9FF0E9F10FF01F300F60887820B3C3B82110FB190
:206CE80010102661DF011700030B0A15532120F0910000F6D9FF244010FFB4FA030B0AF5B0
:206D0800C21F532F20F0910000F6D9FF244010FFB4FADA010FBF10F0267F6E1A8B8B00F09C
:206D2800030F0AF5532F20F0910000F6D9FF244010FFB4FA8B8B00F0030F0AF5C21F532FAE
:206D480020F0910000F6D9FF244010FFB4FAC21BBF8BC6FFC213BF8398FFC2123702702064
:206D68003F4282FFB4A0DA10ACA2DA002CA891000046D9442440DA100B8910480B0F10680F
:206D88006D00BD180090BD043100B0C4404C54CF910000D6B70F0180D9DD1840D4DF74C859
:206DA80001C800E654EF6E04AE0342F83CF954F001F000267DC20580420874F840FCEE1038
:206DC80082046DFF3EFCB04E7DE20A80325802846DFF37FC802F1EF3DA0074CFD4DF80CF0A
:206DE80080F00B0F90F174DF0090404C82083C26534821908B4901A0DA787FAF04803B80A5
:206E080007A0820B3C1853CB2B408BC40B50DABC7F5F04803BC00B50910000F6D9FFE456C8
:206E280001F800F6B00F40C40B9A10686D00440034F2C21BBF1BE97FC218BF68DB7F8206A2
:206E48003C3682003C30DABC4BF00122DA144BF6014253C62BF010CF01F000F614FF9100C6
:206E680000F6D9FFE45601F400F601F200F614F17F1F0E8053C62BF0910000F6D9FF4451D5
:206E880010FF01F000F6DA0034FF3C0C53C62BF0910000F6D9FF445110FF01F000F6DAFFA8
:206EA80034FFC210DABC3FF0D0FFC216DA783FF6CAFF0090D9AAC00F0248025A0269027B99
:206EC800911000F8D9FFB86E49FF000A49A2000AC5053F3044FF642FFC5E820282018203D7
:206EE800820482057B00F86B3B0008703C1C028C3C1553C92BF0104F01FC00F614FD534D7B
:206F080020F010AF534D20F010A25420C21074F0C21142D3C22C370C70C03FACECFFC22984
:206F2800370970903FB9E5FFF6143B0008203C7182003C09534020F010AF54FF6E03020222
:206F48003C06C2103B0010F03FF0F6FF0228DAFF3C0C534F200001A000F654F0760302F85B
:206F68003C0692F0370070F03FF2F5FF5F820B80DA807FF805808B1800203C4B37086820B6
:206F88003C483C41534220F010AF54F04204534220F010AF54FF032F0A5576433F14038023
:206FA8003C2F5A414B0F61F14B0161014B0F51904B0461F14B0161014B0F51A04B0561F1F2
:206FC8004B0461014B0F51B05A534B0F61F10B4180004B0061014B0F51F04B9A41006B0F90
:206FE800319B4B9041006B0F31FB4BF041004B6001F0370F61F16E04020637026870C212EC
:20700800370270203F82C0FFF672821702723C0100906DFFB3FD6D0009033BA000406D00C0
:207028005E1B82043B0071526D00142700900D00000282046D00420982046DFF85CD827090
:20704800DA010F0F00F0892F28296D00741B0D00400200800D00000282046D002F098204AB
:207068006DFF72CDDA0982180FF80080892828290D00400200800D00000282046D001E095F
:2070880082146DFF61CD8278DA010F8F00F0892F28290D00400200800D00000282046D007B
:2070A8000D0982146DFF50CDDA0982180FF80080892828290D00400200800D000002820429
:2070C8006D00FC08910000F6D9FF3030D4FF2D0F00000D00400200800D00000282046D0098
:2070E800ED0882046DFFF8EC762682046DFFCCEB6D002E0F82446DFFEFEC762482446DFFF5
:20710800C3EB0D00400200800D00000282046D00D50882146DFFE0EC762B82146DFFB4EBFB
:20712800910000F6D9FF0040D4FF2D0F000082546DFFD2EC762482546DFFA6EB0D004002DD
:2071480000800D00000282046D00B80882346DFFC3EC762B82346DFF97EB910000F6D9FF70
:207168003C30D4FF2D0F000082746DFFB5EC762482746DFF89EB0D00400200800D0000023B
:2071880082046D009B0891100046D944F02C6DFF69CC0D00400200800D00000282046D00BF
:2071A8008D086D00DC030D00400200800D00000282046D0083080D00400200800D000002AC
:2071C80082046D007B0891100046D944DC4C6DFF49CC0D00400200800D00000282046D00B3
:2071E8006D08910000F6D9FF3830D4FF2D0F00000D00400200800D00000282046D005E0805
:2072080091100046D944C86C6DFF2CCC0D00400200800D00000282046D005008910000F61A
:20722800D9FF0440D4FF2D0F00000D00400200800D00000282046D00410891100046D944FD
:20724800F47C6DFF0FCC0D00400200800D00000282046D0033086D007D0D0D00400200809D
:20726800C234B70402F06E659249DF096300910000F6D9FF184054FFEE1582046DFFE1F991
:20728800802F325F160392446DFFDBF98020DFF051001022F4F291000046B54214408200FB
:2072A8007420D4FC820A3C0310CCB0FC54CF6E036F0FFCFFF4FC3C1DB70801F010CF6F08B3
:2072C800188054FFEE1182046DFFBBF949F4040A7D420F80325802846DFFB3F9802F1EF890
:2072E80074CA82083C0CAE0442F874C840CF40FC54C876856F08E2FF3F98E0FFDF08268051
:20730800BF19180002946DFF9CF9802F9EF249CF040A01F220F4EE0D012F30F4EE12802F74
:20732800325F1603102F92446DFF8BF9802F5EF3A002009001CF2020802F960174CF40FC8F
:2073480001C900F674FA3C0A9A493FF8078001C900F6A29874F83C0202898F1940F174CFC5
:2073680049C2040A0090DF043000404FBF842780804F8F3F000180518F3100115F101F8082
:207388002E06C2F4045F344F494F010A80FF2E16045F24FFC2E4045F24FF8F7400018FD496
:2073A8001FF06E0B02F14052C2F160160922480189F24801FC6CD05502047646C2F46042B0
:2073C800045F24FFFC2E40420090404FBF852380804F2E05C2F53444494F010A80FF2E14D8
:2073E80024F4C2E524F48F7500F106D5DF051200D200764A370468008F802010A6108F002F
:207408002110A6100201C2F5605289F04801FC2E02F57655C2F5605224F4FC2F40420090A5
:20742800024F370FE81B8F1F1E00DAFF7E17024F7444B70F89FB6E123C0B8FF00150DA7F2D
:207448007FF10900DA00B70F81FFA65F744F02420090DA963FF10A007444DA00B70F81FF6D
:207468008FF00120A6F20090B704890B8F71012082F38B6109110F1300302630B700890B5E
:20748800A652A60274426B0231F4B70F812FA6520090024F8204370F68506D008E3402F206
:2074A8003C010090DA003E47DA01BE48DA045F4F29003C3A910000F6D9FF1C009100002858
:2074C800D922FC67F4F2910000F6D9FF180091000028D922DE67F4F23C3A910000F6D9FF35
:2074E8001C0091100028D922620BF4F2910000F6D9FF180091100028D9222AFBF4F23C27A8
:20750800910000F6D9FF1C0091100028D9222C3BF4F2910000F6D9FF180091100028D9229C
:20752800DCEAF4F23C14910000F6D9FF1C0091000028D9225C57F4F2910000F6D9FF180008
:2075480091000028D9225657F4F23C01009082023C01009002423C0100906F770C006F0547
:2075680005808FF707F16E06C215EF850400C21606F5B70589FB8F7601008F840120A60F3B
:20758800A6F20090201049A6100AA00FF4AF89A4840982FF780240A46DFFFAF3D801DA008B
:2075A80034FF009002483708E8FBEE05820402851DFF23F96DFF79F6DF022280DA004BF8E1
:2075C80001008F3000F16E056F001A001DFF3CF64B0891F17B00F0034B0841007B00FC1347
:2075E8004BF041206BF271214B2F41F04BF041006BF071014B0F41F04BF841800282009061
:20760800404F044FEEFF01F420F080F2C2F200903C08C2F4044F04506E023E0352020090A2
:20762800DF04F9FF82020090910000F6D9FF2040DA0034FF910000F6D9FF1C40DA0034FFBF
:20764800A004A0056D00431C762F91100048D944E3CE6DFFA1FA3B401F406D00D81F6D00FF
:207668006B0E1D00810091100048D944CCDE6DFF93FA3B401F406D00CA1F6D005D0EDA0060
:207688003C1A91100048D944D9DE91100058D955DEDE6D00591EF6223C1091100048D9449E
:2076A800E7DE6DFF79FA3B803E406D00B01F6D00430EC21FBF3FE7FFBF3F0F8091100048B0
:2076C800D944F2DE6DFF68FA3B401F406D009F1F6D00320E3C4891100048D944FCDE6DFF65
:2076E8005BFA3B401F406D00921F6D00250E91100048D944C4EE91100058D955C8EE91105F
:207708000068D966F2CE91100078D977F7CE6D00861D762E91100048D944FCCE6DFF3CFAA6
:207728003B401F406D00731F6D00060E3C1C910000F6D9FF2040DA0134FF82446DFFB4FEDE
:20774800910000F6D9FF1C40DA0134FF91100048D944C5DE6DFF20FA3B401F406D00571F6C
:207768006D00EA0D00903B00D0269B9212246B4461224B4441F0BBE0F408BB50061D9BA087
:2077880014049BB10C146B1F61106BF261F04BF151F04B4F412000906D0080056D00360017
:2077A8006D003F006D00F01E82046D00870500904DC0E1FF16073C016E083C01910000F60A
:2077C800D9FFEC5614FF6EFB4DC0E1FF16073C01910000F6D9FFEC5610FFDA0134FF82186C
:2077E800DA003C0B910000F6D9FFEC5610FF14F0E20837086880C21FBF2FF6FF82146D00D4
:20780800061FDF08EE7F00906DFF02EB02246DFF56EA6DFF11EB02246DFF95EA0090910092
:2078280000F6D9FFF0566DFFCFE468224DC0E1FF8F7F00413C01910000F6D9FFF0566DFFF9
:2078480006E46812910000F6D9FFF0566DFF11E574F2910000FFBCF16DFFF3E4913000FF0F
:2078680039FF3506160F4B0F41F14BF251F03C013C01910000F6D9FFF0566CF30090404FC1
:207888000258F64791000026D9222400142FEE023C1F91000026D9222000142F6E033C0122
:2078A8003C0091000026D9222000DA00C21F342F6D00E8043C0C91100048D944E5FEA00664
:2078C80040F502846D0075006D0004003CF500902008DA0074AFDA007801DA0074AF3C0F11
:2078E800DA0078013C045801C21F780158013BF0FF017FF0FAFF54AFC21F74AF54AF3BF019
:20790800FF007FF0EFFF0090201849A4000A6D003102910000F8D9FFCA77F80249A4000A11
:207928006D00EC018204BB00205C9B150050820682076D00B02E91000046D944D876820404
:2079480091000056D955D4663B0004506D009602820482156D00B7300090910000F6D9FFDC
:20796800280014FF6E13820491000046D944D4766D00963091000046D944D8769100005623
:20798800D955D47682146D006F030090404676423C0E910000F6D9FF280014FF6E08911029
:2079A8000048D944F2FE02546D0003000090D9AAE86F404C405D0248406E820089A08C08DA
:2079C800DA00ACA7DA007804DA00ACAADA00ACAB40D46DFF17FE89A2100991000026D92230
:2079E800C066092FC0086E08910000F6D9FFC066C84F2D0F0000910000F6D9FF280014F080
:207A0800DF007B01910000F6D9FFC06609FFC008DF0F3F0109A096088CABC21FACAB910039
:207A280000F6D9FFC066C83F82043700705040C42D0F000040D46DFFE5FD89A2100991004F
:207A480000F6D9FFC06609F0C208910000F6D9FFC066086F4BF0010289A094083C0109DF43
:207A68000008B01DEEFDDA00ACA73C11B0FD09D00008DA2F3E0509D00008DA5C7E0509AF98
:207A8800CE08C21FACA75804C2FF780409AFCE08FF2F05805804FF0FEB7F58040EFCB01DF3
:207AA800F4AD49A4180A91100058D955D8EE6DFF6BFD3C1709AFCE08EE0BF4AD49A4180AC3
:207AC80091100058D955E1EE6DFF5EFD3C0AF4AD49A4180A91100058D955D8EE6DFF54FD41
:207AE800DA00ACA63C4CDA00ACA73C2349A4180A6DFF88FD09A0CC088CAA09A1CE0803F018
:207B08000AF17FF203803C1A09AFCE0810AF49FF184A09A0CC088CAA09A1CE0803F00AF100
:207B280010A2092F180834FF09AFCE08C21FACA709A0CE088CAA3FF0DB7F09AFCE0810AFB3
:207B480049FF184ADA0034FF910000F6D9FFC06608708CABE2F08CABC21FACAB910000F66A
:207B6800D9FFC066C83F82043700705049A4184A2D0F000009AFCC08C21FACA609A9CC08AB
:207B880049A4180A6DFF3EFD8CAA4BF211029A103FF9ABFF74A849A4180A91100058D955C3
:207BA800EEEE6DFFF1FC910000F6D9FFC066087F09A09608E2F08CABC21FACAB910000F66D
:207BC800D9FFC066C83F82043700705049A4180A2D0F0000A00F7DEF5B00DA00ACA63C4CA6
:207BE800DA00ACA73C2240E46DFF0CFD09A0CC088CAA09A1CE0803F00AF17FF203803C1AEE
:207C080009AFCE0810AF49FF184A09A0CC088CAA09A1CE0803F00AF110E2092F000834FFDF
:207C280009AFCE08C21FACA709A0CE088CAA3FF0DC7F09AFCE0810AF49FF184ADA0034FF37
:207C4800910000F6D9FFC066087F09A09608E2F08CABC21FACAB910000F6D9FFC066C83FFC
:207C680082043700705049A4184A2D0F000009AFCC08C21FACA609A8CC0840E46DFFC2FC62
:207C88008CAA4BF211029A103FF8ACFF3C3549A4185A82043B0010506DFF99FB910000F652
:207CA800D9FFC066C82F40C42D0F0000A00F7DEF1000F4AD89A8040989AE880949A4185A56
:207CC80091100058D955F7EE6DFF5EFC3C0CF4AD89A8040949A4185A91100058D955D0FE4F
:207CE8006DFF52FC910000F6D9FFC066C82F49A4185A2D0F00000090910000F6D9FFC06696
:207D0800094FC008B4FF910000F6D9FFC066094FC208ACF1910000F6D9FFC066094FC4089B
:207D2800ACF2910000F6D9FFC0660C462CF6910000F6D9FFC0660C472CF7910000F6D9FF4A
:207D4800C06609428809E822910000F6D9FFC06609428C09E83291000026D922C066CC44A8
:207D6800EC24910000F6D9FF2800DA0134FF0090DA00B44FBBF0FFFFAC41BBF0FFFFAC42BC
:207D8800DAFF2C46DAFF2C47A00FEC42A00FEC43A00FEC4400902008404574A4910000467E
:207DA800D944D87649A6000A82046D00830054A23C010090024582046D00F52F82023C01FF
:207DC800009082046D0004300090404FA00201F2104491100048D944FEFE3B5005506DFF8E
:207DE80050FD820814FF960134FFDA006CF2DA006CF3485F6CF4081F82003E0682103E0A88
:207E08008220BE003C17C814820448556DFFDFFA3C11C8148204485F532F20506DFFD7FADE
:207E28003C09C8148204485F534F20506DFFCFFA3C01DA0034FF02823C0100904C43424FEA
:207E48006C433C064C4309401409A20F6C434C4509400C097FF0F8FF00904C42424F6C4222
:207E68003C064C4209401409A20F6C424C45094008097FF0F8FF0090404F024F405C0258AE
:207E8800A00201F2104491100048D944FEFE3B2022506DFFF6FC8202E81C820034F02CF179
:207EA800DA006CF2DA006CF3684868583C010090404F405C406D0249A00201F2104491105F
:207EC8000048D944FEFE3B1016506DFFDAFCA00201D2104491100048D944FEFE3B201650BA
:207EE8006DFFCFFC82088200A0027DC2058082381D00900014FF16036E0574D082681D0080
:207F08009F0040F46D009F0054D07F020B8074D28278F62714FFB70F81F134FF1D009000C2
:207F280014FF960834FF485F4830520A54D03F0A2B80081F82003E0682103E0C8220BE0693
:207F48003C21C812483F102554D440C46DFF0DFA3C19C812483F532F20F0102554DF532F55
:207F6800204040C46DFF01FA3C0DC812483F534F20F0102554DF534F204040C46DFFF5F90A
:207F88003C013C43081F82003E078210BE0482205F0F27003C3AC812483F102540C402A4EE
:207FA8006DFFE3F901CA0046C81554D4A2A46DFFDCF93C2BC812483F532F20F01025532AC8
:207FC800204040C46DFFD1F9532A20F010C4C81554DFA2AF532F20406DFFC7F93C16C81203
:207FE800483F534F20F01025534A204040C46DFFBCF9534A20F010C4C81554DFA2AF534F65
:2080080020406DFFB2F93C0114FFB70F81F134FFDF09168014F0DA0B7E0382283C1014FF35
:20802800960234FF54D440F46DFF0AFF484F54D0420F6CF414FFB70F81F034FF02823C01F2
:208048000090404FA002012F104491100048D944FEFE3B6007506DFF14FC485F48405202E0
:208068003C010090404F405C0248A00201F2104491100048D944FEFE3B000B506DFF01FCCC
:208088008209A0027DC2058082391D00B50014FF16056E0482491D00AF0014FF960434FF43
:2080A800484F3F8FA480485F4820520A7F8A69800810DA003E0882115F012000DA025F0F3D
:2080C8003E003C5DC812482F102440C502A46DFF4CF940F402A46DFFC2FEC812482F102455
:2080E80001CA00560BA880406DFF3FF90BA8804040F46DFFB4FE3C43C812482F532F20F019
:208108001024532A204040C56DFF2FF940F402A46DFFA5FEC812482F532F20F01024532A30
:2081280020F010C55AA8532F20406DFF1EF90BA8804040F46DFF93FE3C22C812482F534FF6
:2081480020F01024534A204040C56DFF0EF940F402A46DFF84FEC812482F534F20F010245F
:20816800534A20F010C55AA8534F20406DFFFDF80BA8804040F46DFF72FE3C013C33081FBA
:2081880082003E068210BE008220BE0D3C2BC812482F102440C502846DFFE7F840F40284D8
:2081A8006DFF5DFE3C1FC812482F532F20F010245328204040C56DFFD8F840F402846DFF3C
:2081C8004EFE3C10C812482F534F20F010245348204040C56DFFC9F840F402846DFF3FFE38
:2081E8003C01484FA28F6CF43C02825914FFB70F01F134FF02923C010090404F0248A0021F
:2082080001F2104491100048D944FEFE3B4008506DFF37FB820914FF16056E0382493C2E3D
:2082280014FF960434FF484F6E24081F82003E0682103E0982203E0E3C14C812482F1022A6
:2082480034283C0FC812482F532F20F01022B4283C08C812482F534F20F0102274283C012C
:20826800821440F46DFFFBFD484FC2FF6CF43C02825914FFB70F01F134FF02923C01009098
:208288006D000C006D00D71D6D009F1E6D00A41B82046D00130000904DC0E2FF370FE1F704
:2082A8008B0F20F23C010D00400300003C013C018B0F00223C010090F6430D0000030090A1
:2082C80091000046D944F876820491000056D955F0763B8000506DFFD1FD0090404F405C33
:2082E800024891000026D9223430142F82103E0982203E078230BE0F82405F0F37003C4FA2
:20830800DA003C0882058206820702F46D001A1DC21FBF8FF9FF82548275821640F440C540
:2083280002876D00D419022F3B90004082156D00631B3C36DA003C0882058206820702F476
:208348006D00001DC21FBF8FF9FF82548275820640F440C502876D00BA19022F3B900040D1
:2083680082156D00491B3C1CDA003C0882058206820702F46D00E61CC21FBF8FF9FF82541D
:208388008275820640F440C502876D00A019022F3B90004082156D002F1B3C023C0102F275
:2083A8003C01009091000046D944D0866D000C1F022F91000046D944D0863B000F406D0094
:2083C800031F8F8F20F0A6F23C01009082088209820B820A910000F6D9FFD086DA5C2CF8A3
:2083E800910000F6D9FFD08609400A0989F00A09910000F6D9FFD086544074F0910000F6A4
:20840800D9FFD0864C416CF1910000F6D9FFD08609429009E84291000026D922D086CC4560
:20842800EC25910000F6D9FFE8868C53B4FF910000F6D9FFE8868C55ACF1910000F6D9FF1A
:20844800E8868C57ACF2910000F6D9FFE8868C59ACF3910000F6D9FFE8868C5BACF49100EF
:2084680000F6D9FFE8868C5DACF5910000F6D9FFE8868C5FACF6910000F6D9FFE886095F9F
:20848800A208ACF7910000F6D9FFE886095FA608ACF93BE00F40BBF0EE5B6D0047043BC0EE
:2084A800004082356D0042043BA000406D00AF183BC0004082056D0039043BC0004082058D
:2084C8006D0034043BC0004082056D002F043BA000406D009C18820C82046DFF65FF022D3E
:2084E8003B4032F13ED73B1031F13ED43B3031F17ED23C0D3BA000406D008918C21A370AD6
:2085080068A0BFAA0480821C3C023CE7DF0C0B84910000F6D9FFE88609F0C808DA783F0FAF
:208528000D00910000F6D9FFE88609FFC808534F20B08F2840813C28910000F6D9FFE88666
:2085480009F0C808DAF03F0F0D00910000F6D9FFE88609FFC808532F20B08F1840813C1476
:20856800910000F6D9FFE88609FFC8083B001E003FF00B80910000F6D9FFE88609FFC80896
:20858800531F20B08208910000F6D9FFE88609F0C608DABC3F0F0D00910000F6D9FFE886B5
:2085A80009FFC608534F20908F8840813C28910000F6D9FFE88609FFC6083B8017003FF0AB
:2085C8000D00910000F6D9FFE88609FFC608532F20908F4840813C13910000F6D9FFE886FD
:2085E80009FFC6083B002F003FF00A80910000F6D9FFE88609FFC608531F2090910000F62E
:20860800D9FF2C003BE034F0A29F74FF3B4032F15FDFC5808274BB8038586D008703BB00C7
:20862800CC0F9BB01900910000F6D9FFE88609FFC808C22F910000F6D9FF2C0054F14291BA
:208648008242031F0AF24BF00102370070F03B401F007FF004803B401FF0910000F6D9FFE5
:20866800E88609F0C4087F0F0780910000F6D9FFE886ACF2910000F6D9FF3000BB00CCFF2A
:208688009BBF19F091000026D922E8860920C4084B0F01029AC091000026D9222C00542051
:2086A80042904B0F010291000026D922E886092FC808A2F074F0910000F6D9FF300054FF83
:2086C8003B00E2073FF00900910000F6D9FF300054FFFF2F2100910000F6D9FF300054FF23
:2086E800FF2F0400DA023C12910000F6D9FF300054FF3B00E2077FF005003B00E2F73C0646
:20870800910000F6D9FF300054FF910000F6D9FF300074FF910000F6D9FF2C00BB00CCFF5C
:208728009BBF19F091000026D922E8860920C4084B0F0102C2C091000026D9223000542F75
:2087480091000026D922E8860921C808421F4BF001025A9074FF910000F6D9FF2C0054F02C
:20876800DA3D7FF00400DA3D3C12910000F6D9FF2C0054FF3BF03F007FF005003BF03FF0EC
:208788003C06910000F6D9FF2C0054FF910000F6D9FF2C0074FF1D00BA00BB00CC0F9BB0FB
:2087A8001900910000F6D9FFE88609FFC808C24F3BE03410A29142918242031F0AF24BF060
:2087C8000102370070F03B401F007FF004803B401FF0910000F6D9FFE88609F0C4087F0FC0
:2087E8000780910000F6D9FFE886ACF2910000F6D9FF3000BB00CCFF9BBF19F09100002650
:20880800D922E8860920C4084B0F01029AC03BE03400A29042904B0F010291000026D922D9
:20882800E886092FC808A2F074F0910000F6D9FF300054FF3B80BB003FF00900910000F6AD
:20884800D9FF300054FFFF4F2100910000F6D9FF300054FFFF4F0400DA043C12910000F65F
:20886800D9FF300054FF3B80BB007FF005003B80BBF03C06910000F6D9FF300054FF910090
:2088880000F6D9FF300074FF910000F6D9FF2C00BB00CCFF9BBF19F091000026D922E886CB
:2088A8000920C4084B0F0102C2C091000026D9223000542F91000026D922E8860921C8085D
:2088C800421F4BF001025A9074FF910000F6D9FF2C0054F0DA2B7FF00400DA2B3C12910069
:2088E80000F6D9FF2C0054FF3BF03F007FF005003BF03FF03C06910000F6D9FF2C0054FFCB
:20890800910000F6D9FF2C0074FF910000F6D9FFE88609F0C208910000F6D9FF300054FFDF
:20892800910000F6D9FFE88609F1C808421FC2EF7F0F1400910000F6D9FFE8869100002660
:20894800D9223000542F91000026D922E8860920C808420FC2EFACF13B002FF0A29F82206C
:208968004B0F0122910000F6D9FFE886885F022032507F0F0500022032503C0F910000F611
:20898800D9FFE886885F7FF2040002203C06910000F6D9FFE8868850910000F6D9FFE88657
:2089A800A8509A12370050003250420F370F70A03B001EF0A2BF82204B0F0102910000F62B
:2089C800D9FFE886886F020232527F2F0500020232523C0F910000F6D9FFE886886F7FF011
:2089E800040002023C06910000F6D9FFE8868862910000F6D9FFE886A8629A403702500034
:208A0800420F370F70E03BB0014082156D008E01821402A56D008A01822402E56D008601F2
:208A2800823402B56D008201824402956D007E018254910000F6D9FF2C0054FF370F7050CE
:208A48006D0074018264910000F6D9FF300054FF370F70506D006A013BA000403B4016508A
:208A68006D0064013B8000403BB01B506D005E013B9000403B901D506D005801910000F66F
:208A8800D9FFE88609FFC008EE0B3BB00040910000F6D9FFE88609F5C2086D0047013BD03F
:208AA80000403B003350A6856D0040013B1003403B7002506D003A013B2003403BA00150DA
:208AC8006D0034013B30034082556D002F013B500340910000F6D9FFE88609F5CE086D00EE
:208AE80025013B4032F15FDF92803B900C4002A56D001C013BA00C4002E56D0017013BB094
:208B08000C4002B56D0012013BC00C4002956D000D013BD00C40910000F6D9FF2C0054FF3C
:208B2800370F70506D0002013BE00C40910000F6D9FF300054FF370F70506D00F7003B10B9
:208B48000D403B4016506D00F1003BF00C403BB01B506D00EB003B000D403B901D506D002F
:208B6800E500910000F6D9FFE88609FFC008EE0B3B200D40910000F6D9FFE88609F5C20835
:208B88006D00D4003BE000403B003350A6856D00CD003B9003403B7002506D00C7003BA0F4
:208BA80003403BA001506D00C1003BB0034082556D00BC003B600340910000F6D9FFE88637
:208BC80009F5CE086D00B20086E876883B2007403B0001506D00AA003C063B20074082057E
:208BE8006D00A4003BF000403B1010506D009E003B7004403B1008506D0098003B800440A5
:208C0800BBC0FE5F6D0092003C133BF000403B1001506D008B003B7004403B1008506D0028
:208C280085003B800440BB70FE5F6D007F0082743B8038506D007A003BC001403B303050ED
:208C48006D0074003BC0024082356D006F00910000F6D9FFE88609FFC008EE073BF00A4054
:208C680082056D0063003C583B500A40910000F6D9FFE88609F5C0086D0058003B600A40EF
:208C880082256D0053003B800A4082256D004E00910000F6D9FFE88609FFC608910000F6D4
:208CA800D9FFE88609F0C808E20F82404B0F01027B1000F07FF01300910000F6D9FFE886C3
:208CC80009FFC608910000F6D9FFE88609F0C808E20F82404B0F01023C03BBF0FF0F3B00DD
:208CE8000B40370070506D0021003BE00A403B4001506D001B003BF00A403B1010506D0056
:208D080015003BD00A40910000F6D9FFE88609F5C2086D000B003BE00F40BBD0EA5D6D002B
:208D2800050002C23C010090025F91000046D944D0868F8F3F506D007B1A91000046D94447
:208D4800D0863B000F40370F68506D00711A00902010DA0089AF0609910000F6D9FF0010E5
:208D680014FFDF0FB8003C0A91000046D944FC8649A50A0A82146DFF77F9823449A40A0A4B
:208D88006D008E26DF02F2FF0CAA3BA000005F0FA280DA0689AF060991000046D944FC861A
:208DA80049A5000A49A6060A82146DFF83F849A4030A91100058D955BE0F82346DFF2AF409
:208DC800DF022480910000F6D9FF3C0014FF9E2C910000F6D9FF3C00DA0134FF910000460E
:208DE800D944FC866DFF2FF989A2060991000046D944FC8691000056D955D4B649A6060AEA
:208E080082046DFF57F83C5A49A4030A91100058D955821F82346DFFFDF3DF022480910089
:208E280000F6D9FF380014FF9E2C910000F6D9FF3800DA0134FF91000046D944FC866DFFC0
:208E480002F989A2060991000046D944FC8691000056D955D49649A6060A82046DFF2AF8CD
:208E68003C2D49A4030A91100058D955861F82346DFFD0F3DF022380910000F6D9FF0410DF
:208E880014FF9E2C910000F6D9FF0410DA0134FF91000046D944FC866DFFD5F889A2060983
:208EA80091000046D944FC8691000056D955D4D649A6060A82046DFFFDF791000046D9449C
:208EC800FC866DFF84F7910000F6D9FF3400DA0134FF00903B00C0F70FF48000BB0000F8C8
:208EE800264F8F0F0120DA003E053B00C0F7BE0B3C23B70416F5EE023C29861F3C07861F57
:208F0800370F70F0C210370070006FAFFA7F8B0007018F700100B70F16F58FDF00F042028D
:208F280042F23C147B00F8F7422FB70416058FD0002042F23C0BB70491F782708FE0000056
:208F4800420F8FDF00F042F23C0100906D00030000902008910000F6D9FFE4F614FFDF6F97
:208F68007A0049AF000A3B0008406D00D6003B7001403B0002506D00D50082243B100350A8
:208F88006D00D000DA003C0E3B8000408BCF04506D00C80010FC3B9000406D005D0034C2B3
:208FA800C21FBF8FF3FF3B70014082056D00BA0082046D00B20091000046D944D4F649A59D
:208FC800000A6D00DD0091000046D944D4F691000056D955241091000066D9662010910037
:208FE8000076D97728106D001E0149AF000A3B800240826540F46D005F0091000026D92247
:20900800081094FFB42F910000F6D9FF0C108CA1B4FF910000F6D9FF10108CA2B4FF49AF07
:20902800000A3B200240826540F46D00450091000026D922141094FFB42F910000F6D9FF09
:2090480018108CA1B4FF910000F6D9FF1C108CA2B4FF00900248DA006E0A3BD028406D0088
:20906800E715B0423B0000F2742F3C093BD028406D00DE15B0427B0000F2742F82048F08F3
:2090880048516D00EC200228DA016E0A3BD028406D00CE15B0423B0000F2742F3C093BD064
:2090A80028406D00C515B0427B0000F2742F02823C0100900248404F0259DA006E0A3BD015
:2090C80028406D00B515B0423B0000F2742F3C093BD028406D00AC15B0427B0000F2742F3F
:2090E80082048F08485140F402966D000021DA016E0A3BD028406D009B15B0423B0000F256
:20910800742F3C093BD028406D009215B0427B0000F2742F0090024582146D000300009069
:209128000B451088DA006E0A3BD028406D008015B0423B0000F2742F3C093BD028406D0091
:209148007715B0427B0000F2742F8204028502966D004422DA016E0A3BD028406D00681551
:20916800B0423B0000F2742F3C093BD028406D005F15B0427B0000F2742F00902010404F3B
:20918800405C09C4C0086DFFA7FE74A209C4C2086DFFA2FE89A2040909C4C4086DFF9CFEF5
:2091A80089A2080909C4C6086DFF96FE89A20C0909A00C0909A10C0909A2080909A308099A
:2091C80054A454A509A6040958014BF641F06B5461FF6B3261FF6B10614F6DFFE5F13BF05B
:2091E80026F19B3FA8F34BF201F0370F61F16E19580382004B0F01F0AE023C036722BF2F00
:2092080058014B2F51F074FF58024B2F51F06CF154AF4B2F51F06CF258034B2F51F06CF3BC
:2092280000902010404F405C406D407E54FF54F04B0F4180481F48104B0F4100482F4821E4
:209248004B1F41904811483254F3482F4BF341F06B2161FF7B0000144B1F41407B00F8F3FF
:209268006B0821007B0000146B10715F6DFF33EA74A254F0483F4BF04100481F48216B1F38
:2092880071F07B0000044B0F41406DFFF7E96722BFFF780154F048114822483F4BF241F003
:2092A8006B1061FF7B0000044B0F41407B00F8F36B0921087B0000146B10715F6DFF0BEA33
:2092C80089A2080954AF7B4033044B0F41F03BA0FD009B9004044B0F51F074AF58017B40ED
:2092E80033044B0F41F03BA0FD009B9004044B0F51F0780158027B4033044B0F41F03BA0D3
:20930800FD009B9004044B0F51F07802580282004B0F01F0AE0358023C0658027B403B0438
:209328006B0021FF780254A074C009A0040974D074EF0090910000F6D9FF042009FFC008B8
:20934800532F20406DFF8EEF402C910000F6D9FF381014FFEE13DA006E093B201E406D009C
:209368006714B042DA04742F3C093B201E406D005F14B0427B4000F0742F8204820591003B
:2093880000F6D9FF042009FFC008C2FF370F7060910000F6D9FF3C1009FFC008C2FF370FAA
:2093A80070706D00710382003C0E532020F010CF91000026D9222C10092FC008B4FFC21043
:2093C80037007000910000F6D9FF042009FFC0083FF0EDFFDA003C0D910000F6D9FF0420CA
:2093E80009F4C00840C46D001A07C21F370F70F0910000F6D9FF3C1009F0C0083F0FEEFFE0
:20940800910000F6D9FF381014FFEE13DA016E093B201E406D000C14B042DA04742F3C0939
:209428003B201E406D000414B0427B4000F0742F40C46DFFAAEC0090201849A4000A6DFF75
:2094480099F4DA01B4AF910000F6D9FF042009FFC008ACA1910000F6D9FF3C1009FFC0081E
:20946800ACA2910000F6D9FF341014FF82003E0682103E0982203E0C3C0CDA062CA6DA0879
:209488002CA73C07DA082CA6DA102CA73C023C01911000F8D9FF0E1AF803911000F8D9FFBD
:2094A8003CC9F80449A4000A6DFF28F400902010DF045580910000F6D9FF3810DA0034FFF8
:2094C800910000F6D9FF10203B101EF0B4FF910000F6D9FF08203B401EF0B4FF910000F69F
:2094E800D9FF0C203B201EF0B4FFDAD3B4AFDAD9ACA23B3019F0ACA482248205BB007068AF
:209508009B3639603BE00C706D00CE183B001E408215820682376D001514910000F6D9FF89
:20952800102094F48215820682376D000B14910000F6D9FF0C2094F48215821682376D009F
:209548000114910000F6D9FF082094F48215821682376D00F7131D008500910000F6D9FF7F
:209568003810DA0134FF910000F6D9FF10203B001EF0B4FF910000F6D9FF08203B401EF0F2
:20958800B4FF910000F6D9FF0C203B201EF0B4FF3B001E408215820682376D00D313910014
:2095A80000F6D9FF082094F48215820682376D00C913910000F6D9FF0C2094F482158216C2
:2095C80082376D00BF133B301E408215820682376D00B8133B501E408215820682376D0084
:2095E800B1133B101E408215821682376D00AA133B9016408215821682376D00A3133BA0DD
:2096080016408215821682376D009C133BB016408215821682376D0095133BC016408215C2
:20962800821682376D008E133B001A408215821682376D0087133B101A40821582168237B2
:209648006D0080133B201A408215821682376D0079133B301A408215821682376D007213CD
:20966800910000F6D9FF301014F46D00DC01910000F6D9FF002009F4C008910000F6D9FF4E
:209688002C1009F5C0086D00C301DA016E14910000F6D9FF082094F46D00CA12B042821056
:2096A800910000F6D9FF082094FF161F0FF0100074203C14910000F6D9FF082094F46D00E4
:2096C800B712B0427B100000910000F6D9FF082094FF161F0FF010007420DA006E1491005D
:2096E80000F6D9FF102094F46D00A212B0428210910000F6D9FF102094FF161F0FF01000D1
:2097080074203C14910000F6D9FF102094F46D008F12B0427B100000910000F6D9FF10202C
:2097280094FF161F0FF01000742082546D006F0FDA016E14910000F6D9FF102094F46D0014
:209748007712B0428210910000F6D9FF102094FF161F0FF0100074203C14910000F6D9FF4B
:20976800102094F46D006412B0427B100000910000F6D9FF102094FF161F0FF010007420CF
:209788003B8007406D00430F910000F6D9FF381014FFEE13DA006E093B201E406D00481274
:2097A800B042DA04742F3C093B201E406D004012B0427B4000F0742F3B1001406D00A8068A
:2097C8003B8007406D00230F3B6003406D00A006910000F6D9FF301014FF82003E088210E3
:2097E8003E0A82203E0D8230BE003C1482046D00B4053C103B000C406D00AF053C0B3B004A
:2098080007406D00AA053C063B000A406D00A5053C013BA003406D007B0682546D009D05D1
:209828003B200B406D0074063BC000406D0095053BC000406D00910582046D008E053B3022
:2098480003406D008A053B3003406D0086053B700B406D005D063B5003406D007E053BB0AC
:209868000B406D0055063B9002406D0076053B200C406D004D0682146D006F053B300C4043
:209888006D0046063B9001406D0067053B400C406D003E063B0002406D005F053B500C4085
:2098A8006D0036063BA001406D0057053B600C406D002E063BF001406D004F053B000D40D5
:2098C8006D0026063B400A406D0047053B100A406D0043053B000E406D001A063B000D4081
:2098E8006D003B053B8000406D0037053BE000406D0033053B9000406D002F053B90004058
:209908006D002B0582546D0028053B1003406D0024053B3003406D0020053B8004406D0062
:209928001C053B7001406D0018053B4001406D0014053B5001406D0010053B1003406D00FD
:209948000C053B4003406D0008053B100E406D00DF053B000D406D0000053B8000406D006A
:20996800FC043BE000406D00F8043B9000406D00F4043B9000406D00F0043B5001406D0006
:20998800EC043B1003406D00E8043B3003406D00E4043B8004406D00E0043B7001406D003C
:2099A800DC043B4001406D00D8043B5001406D00D4043B1003406D00D0043B4003406D00AF
:2099C800CC043B1002406D00A3053B9002406D009F05910000F6D9FF381014FFEE13DA0159
:2099E8006E093B201E406D002311B042DA04742F3C093B201E406D001B11B0427B4000F0E7
:209A0800742F6DFF99FC6DFF19FD0090910000F6D9FF0020B4F4910000F6D9FF2C10B4F51D
:209A28000090910000F6D9FF301034F4DA003E48DA013E46DA02BE42DA03BE403C1D910067
:209A480000F6D9FF0420DAF0B4FF910000F6D9FF3C103B0014F0B4FF3C0F910000F6D9FF48
:209A680004203B0014F0B4FF910000F6D9FF3C10DAF0B4FF3C010090910000F6D9FF341030
:209A880034F40090024F0B561088027A910000F6D9FF042009F0C0080B0F30419110004888
:209AA800D9448A1F3BA014506DFFEBEE910000F6D9FF3C1009F0C0080B083041911000487B
:209AC800D9448A1F3BB014506DFFDBEE910000F6D9FF042009F0C0080B0930419110004882
:209AE800D9448A1F3BC014506DFFCBEE910000F6D9FF3C1009F0C0080B0A30419110004839
:209B0800D9448A1F3BD014506DFFBBEE3BA002406D00FE0402F46D00EE0202946D00EB0224
:209B28003BB002406D00F40402846D00E40202A46D00E1023BC002406D00EA04009049AAA1
:209B480000CA0B451088026A910000F6D9FF042009F0C0080B08304191100048D9448A1F68
:209B68003BE025506DFF8DEE910000F6D9FF3C1009F0C0080B09304191100048D9448A1FC6
:209B88003BF025506DFF7DEE910000F6D9FF381014FFEE13DA006E093B201E406D004810BC
:209BA800B042824074203C093B201E406D004010B0427B4000F0742F910000F6D9FF3410B7
:209BC80014F0DA003E09DA015F0F4C00DA025F0FC2001D00C1009A58370F70609A79370F78
:209BE80070700B8910486DFF4FFF82003C318B0A1EF0536F20F0911000F8D9FF260F10FFBE
:209C080001F000F614F182023C206F011000DA0603F20AF0532F20F010AF91000026D9221E
:209C28000020092FC008B4FF3C0EDA0603F20AF0532F20F010AF91000026D9222C10092FB9
:209C4800C008B4FF86F1C212BF82E1FFC210BF60D0FF49A4000A3B0003406D00E0023C7BDA
:209C68009A78370F70608BF900F0370F70700B8910486DFF09FF82033C648B0A1E0053008F
:209C880021F0911000F8D9FF0E9F10FF01F300F614F08B0A1E10530121F0911000F8D9FFF7
:209CA8000E9F10FF01F300F6088482013C206F001000DA0803F10A23532220F010AF910034
:209CC8000026D92200200922C008B4F23C0EDA0803F10A23532220F010AF91000026D9225F
:209CE8002C100922C008B4F286F0C211BF81E1FF82003C246F041200DA0803F00A138B0139
:209D080004F0532F20F010AF91000026D9220020092FC008B4FF3C10DA0803F00AF38B0FB9
:209D280004F0532F20F010AF91000026D9222C10092FC008B4FF86F4C210BF80DDFFC213F9
:209D4800BF839DFF49A4000A3B0008406D0067023C023C01910000F6D9FF381014FFEE1397
:209D6800DA016E093B201E406D00620FB042DA04742F3C093B201E406D005A0FB0427B40FE
:209D880000F0742F00900B451088404C0B6710A809ACC00809ADC40809AE4808910000F66D
:209DA800D9FF042009F0C0080B08304191100048D9448A1F3B2039506DFF63ED910000F684
:209DC800D9FF3C1009FFC0080BF9304191100048D9448A1F3B3039506DFF53EDA00F01CF44
:209DE800104491100048D9448A1F3B4039506DFF48ED532C20406DFF35EA402D910000F655
:209E0800D9FF381014FFEE13DA006E093B201E406D000E0FB042DA04742F3C093B201E4001
:209E28006D00060FB0427B4000F0742F1AC8C2FF370F70601AD9C2FF370F70700B891048D9
:209E48006DFF22FE82083C3C73B80AF04BDF110273A00AF010CF82023C2C73A20AF04BCF09
:209E6800110201F000261420DF0E15808FD03FF0161F8FBF20108FE03FF0163F865FA6F14A
:209E880086D08FF001F1A6F1532220F010D2B4213C0F7FE00880532220F010D2DA00B42FCA
:209EA8003C07532220F010D2BBF0FFFFB42FC2123FC2D5FF40D402C46D00B101C2183FD8D1
:209EC800C5FF910000F6D9FF381014FFEE13DA016E093B201E406D00AB0EB042DA04742F57
:209EE8003C093B201E406D00A30EB0427B4000F0742F40D46DFF49E700900B451088404C4A
:209F08000B6710A809ACC00809ADC40809AE4808910000F6D9FF042009F0C0080B08304141
:209F280091100048D9448A1F3B403D506DFFA9EC910000F6D9FF3C1009FFC0080BF9304171
:209F480091100048D9448A1F3B503D506DFF99ECA00F01CF104491100048D9448A1F3B6024
:209F68003D506DFF8EEC532C20406DFF7BE9402D910000F6D9FF381014FFEE13DA006E093E
:209F88003B201E406D00540EB042DA04742F3C093B201E406D004C0EB0427B4000F0742FB9
:209FA8001AC8C2FF370F70601AD9C2FF370F70700B8910486DFF68FD82083C2873B80AF036
:209FC8004BDF110273A00AF0532F20F010CF82003C0F532020F010D273A00AF04BCF112232
:209FE800532220F010F4094FC008B42FC2103FC0F2FF76E7532C204040D46D0018023C05F3
:20A0080040D402C46D000B01C2183FD8D9FF910000F6D9FF381014FFEE13DA016E093B20B4
:20A028001E406D00050EB042DA04742F3C093B201E406D00FD0DB0427B4000F0742F40D4FE
:20A048006DFFA3E600900B451088404C910000F6D9FF042009FFC0080BF83041911000484F
:20A06800D9448A1F3BB02B506DFF0BEC910000F6D9FF3C1009FFC0080BF930419110004870
:20A08800D9448A1F3BC02B506DFFFBEB820A3C2C910000F6D9FF341014F0DA003E07DA0195
:20A0A800BE0282215F011D003C1C8260030A0AF8370F704001CA00F609F6000802956DFFAE
:20A0C80040FD3C0FDA0803FA0AF8370F704001CA00F609F6000802956DFF33FD3C023C01A3
:20A0E800C21A370A70A001CA00F609FF0008EED100900248910000F6D9FF381014FFEE0712
:20A10800822402856D008C191D008800DA006E093B201E406D008C0DB042824074203C09B6
:20A128003B201E406D00840DB0427B4000007420DA016E093B301E406D007A0DB042DA083C
:20A14800742F3C093B301E406D00720DB0427B8000007420DA006E093B501E406D00680DBD
:20A16800B042DA20742F3C093B501E406D00600DB0427B0002F0742F8F883F406D007B02BE
:20A18800DA016E093B501E406D00520DB042DA20742F3C093B501E406D004A0DB0427B00C2
:20A1A80002F0742FDA006E093B501E406D00400DB042DA20742F3C093B501E406D00380D9F
:20A1C800B0427B0002F0742F8FF80F416D005302DA016E093B501E406D002A0DB042DA2011
:20A1E800742F3C093B501E406D00220DB0427B0002F0742FDA016E093B201E406D00180D4B
:20A20800B042DA04742F3C093B201E406D00100DB0427B4000F0742F0090404F0248910001
:20A228000026D9223810142FEE08822440F402856D002F191D009000DA006E093B201E40A7
:20A248006D00F60CB042DA04742F3C093B201E406D00EE0CB0427B4000F0742FDA016E091D
:20A268003B301E406D00E40CB042DA08742F3C093B301E406D00DC0CB0427B8000F0742F56
:20A288003C55DA006E093B501E406D00D10CB042DA20742F3C093B501E406D00C90CB042B0
:20A2A8007B0002F0742F09F4C00886846D00E301DA016E093B501E406D00BA0CB042DA200C
:20A2C800742F3C093B501E406D00B20CB0427B0002F0742FDA006E093B501E406D00A80C1D
:20A2E800B042DA20742F3C093B501E406D00A00CB0427B0002F0742F09FFC0088FFF0F41D0
:20A308006D00B901DA016E093B501E406D00900CB042DA20742F3C093B501E406D00880C0C
:20A32800B0427B0002F0742FB02F028FC2F8EEAADA016E093B201E406D007A0CB042DA0483
:20A34800742F3C093B201E406D00720CB0427B4000F0742F00900248910000F6D9FF3810A8
:20A3680014FFEE06822402856D00DB183C5EDA006E093B201E406D005B0CB042DA04742F56
:20A388003C093B201E406D00530CB0427B4000F0742FDA016E093B301E406D00490CB042DC
:20A3A800DA08742F3C093B301E406D00410CB0427B8000F0742FDA006E093B501E406D0021
:20A3C800370CB042DA20742F3C093B501E406D002F0CB0427B0002F0742F02846D004B018C
:20A3E800DA016E093B501E406D00220CB042DA20742F3C093B501E406D001A0CB0427B00C2
:20A4080002F0742FDA016E093B201E406D00100CB042DA04742F3C093B201E406D00080C19
:20A42800B0427B4000F0742F0090404F024891000026D9223810142FEE07822440F40285D8
:20A448006D0093183C63DA006E093B201E406D00EF0BB042DA04742F3C093B201E406D00EE
:20A46800E70BB0427B4000F0742FDA016E093B301E406D00DD0BB042DA08742F3C093B300B
:20A488001E406D00D50BB0427B8000F0742F3C29DA006E093B501E406D00CA0BB042DA20BC
:20A4A800742F3C093B501E406D00C20BB0427B0002F0742F14F46D00DE00DA016E093B5057
:20A4C8001E406D00B50BB042DA20742F3C093B501E406D00AD0BB0427B0002F0742FB01F36
:20A4E800028FC2F8EED6DA016E093B201E406D009F0BB042DA04742F3C093B201E406D0045
:20A50800970BB0427B4000F0742F00900248910000F6D9FF381014FFEE2BDA006E093B0018
:20A528001E406D00850BB042DA01742F3C093B001E406D007D0BB0427B1000F0742F8224BF
:20A5480002856D00EE17DA016E093B001E406D006F0BB042DA01742F3C093B001E406D006D
:20A56800670BB0427B1000F0742F1D008300DA006E093B201E406D005B0BB042DA04742F61
:20A588003C093B201E406D00530BB0427B4000F0742FDA006E093B101E406D00490BB042FD
:20A5A800DA02742F3C093B101E406D00410BB0427B2000F0742FDA016E093B301E406D00C5
:20A5C800370BB042DA08742F3C093B301E406D002F0BB0427B8000F0742FDA006E093B50A9
:20A5E8001E406D00250BB042DA20742F3C093B501E406D001D0BB0427B0002F0742F02847E
:20A608006D003900DA016E093B501E406D00100BB042DA20742F3C093B501E406D00080B8C
:20A62800B0427B0002F0742FDA016E093B201E406D00FE0AB042DA04742F3C093B201E401F
:20A648006D00F60AB0427B4000F0742FDA016E093B101E406D00EC0AB042DA02742F3C0931
:20A668003B101E406D00E40AB0427B2000F0742F0090911000F8D9FF006EC8628F9420F0E2
:20A68800911000F8D9FF006EC86F54F0B7008404A60F742F911000F8D9FF006EC88286C44E
:20A6A800911000F8D9FF006EC88F54FFB70F04F0A6F474240090910000F6D9FFF8F601F44B
:20A6C80000F6DA0034FF0090910000F6D9FFF8F601F400F614F23C0100900248DA000B8F16
:20A6E800304191100048D944B41F3BD008506DFFC8E882093C17532920F0911000F8D9FFAE
:20A70800F86E10FF94F48205821682176D001A0B910000F6D9FFF8F601F900F6DA0034FFA0
:20A72800C219BF49EAFF910000F6D9FF142074F8009082083C74532820F0911000F8D9FF80
:20A74800F86E10FF94F46D00ED0ADF122F00534820F0910000F6D9FFE8F610FF534820F0CE
:20A7680091000026D922E8F610225420C21074F03B803E00910000F6D9FF142054FF4BF04B
:20A788001102534820F0910000F6D9FFE8F610FF54FF3F0F0A80910000F6D9FFF8F601F836
:20A7A80000F6DA0234FF3C3A910000F6D9FFF8F601F800F614FFDF2F2100534820F091005C
:20A7C80000F6D9FFE8F610FF54FFBFAF1780534820F0910000F6D9FFE8F610FF54FF3B8059
:20A7E8003E007F0F0B80910000F6D9FFF8F601F800F6DA0134FF3C09910000F6D9FFF8F61E
:20A8080001F800F6DA0034FF534820F0910000F6D9FFE8F610FFDA0074FFC218BF488DFF83
:20A828000090911000FF8250530022F010F2530022F010FF39FF1F029604E92F1F02911066
:20A8480000FFDA05534F20F010FF39FFC081370F61F18B0F20F23C016E1F910000F6D9FF6B
:20A868001820DA0034FF82546D001507911000FF8250534020F010F2534020F010FF39FF2B
:20A88800C2819604E92FC281910000F6D9FFFCF6DA0134FF3C2D910000F6D9FF00079100B9
:20A8A8000026D9220007142FC21F34FF910000F6D9FF000714FF911000F6D9FFA40C14F075
:20A8C8003F0F1780910000F6D9FF0007DA0034FF910000F6D9FF0030DA0034FF910000F6F5
:20A8E800D9FF1820DA0134FF82546D00D40600902008404C8208DA007801910000F6D9FF95
:20A908002C3009FFC0083B0023003E023C03DA093C03DA083C0192F93C57910000F6D9FF68
:20A928002C3009F0C0083B0023107F100980534920F010CF94F0DA097E023C45DAA534AF17
:20A94800DAF12CA1534920F010CF94FF370F70F08F8F3F0089A002082CA3821449A4000AA7
:20A9680082456D00201A820A91000046D944F8766DFF69EBBF321980DA03780191000046FC
:20A98800D944F87649A5000A49A6040A82046DFF91EA534920F010CF0CA18F8F20000CA29E
:20A9A800A6F0A8103C0B82146D00310602A0C21A370A70A0DA803FF0D9FFDA807FAF048084
:20A9C80082183C04C2F9FF19AAFF02823C010090200882098208DA007801DAA534AFDAF10B
:20A9E8002CA1DAF28F8F3F0089A002082CA3821449A4000A82456D00D61991000046D944B3
:20AA0800F8766DFF20EBBF321580DA03780191000046D944F87649A5000A49A6040A820490
:20AA28006DFF48EA0CA18F8F20800CA2A6F83C0B82146D00EC050290C21937097090DA8077
:20AA48003FF0DDFF02823C0100902010DA003B800C406D00DC05911000F6D9FFA80C82107E
:20AA680034F0823491100048D944EE2A91100058D955AA0AA0066D008E0149A4000A8204DC
:20AA88003B0032503B3004603B2004706D00D80A49A4000A91000056D95504306DFF98ECD4
:20AAA800DF027300911000F6D9FFA80C820034F0823491100048D944EE2A91100058D95576
:20AAC800AA0A91100068D966FC1A6D0064016DFFF9EB82143B005852824682276D00DB15F1
:20AAE800821482156D00EF1791000046D944F8766DFF6DE9910000F6D9FF2C306DFF6AFFFA
:20AB0800B4F291000046D94404306D005300DF021B00820491100048D9449B2F9110005854
:20AB2800D955B52F3BE01E506DFF32E7821482056D00C9178204A004A005A0066D002B0175
:20AB4800DA013C3491000046D9441C206DFFD2FEDF021B00820491100048D944A03F91102E
:20AB68000058D955B52F3BB01F506DFF11E7821482056D00A8178204A004A005A0066D007A
:20AB88000A01DA013C1382046DFF1BBB4924240A911000F6D9FFA40C91000056D9550407D6
:20ABA8003B0082456DFF9CEB34F202F23C0100902008404C82198208DA007801910000F6FE
:20ABC800D9FF2C3009FFC0083B0023003E023C043B9000A03C043B8000A03C013C1DDAA570
:20ABE80034AF534A20F010CF94FF2CA1534A20F010CF881F370F70008F803FF02CA289A060
:20AC08000308821449A4000A82456D00CC1882246D00FD04C2FADAFF3FFAE3FF91000046E1
:20AC2800D944F8766DFF0FEABF321980DA03780191000046D944F87649A5000A49A6040AE5
:20AC480082046DFF37E90CA13BF00F003E050CA23BF00F007E0382093C0B82146D00D70497
:20AC68000280C21837087080DA803FF0D9FF02923C0100902008DA0034AF821449A4000A0D
:20AC88006D000E1714A0DAA57E0791000046D944F8766DFF9CE891000046D944F87614A4F6
:20ACA8006DFFADEA009082346DFFEECD910000F6D9FF0007DA0034FF910000F6D9FFFCF658
:20ACC80014FF6E2E910000F6D9FFFCF6DA0034FF911000FF8250534020F010F2534020F0A5
:20ACE80010FF39FFC0819601E92FC08182046DFF68BA4924240A911000F6D9FFA40C825430
:20AD080091000056D9550407827582063B0082756D00DD0434F282546D00CB043C349110C3
:20AD280000F6D9FFA40C14FFDF1F2B80910000F6D9FF040780FFB70F1CF07B00000DFE038D
:20AD48004DC0E1FF16073C01910000F6D9FF040780F0B7000C0AB770030E7B000011E21F38
:20AD6800A2F03C06910000F6D9FF040780F0911000FFDA05530F22F010FF59F00C028254EE
:20AD88006D009704910000F6D9FF0030DA0134FF0090910000F6D9FF343034F47C66911008
:20ADA8000068D966E87A3C01910000F6D9FF3830F4F67C4691100048D944E87A3C0191009C
:20ADC80000F6D9FF3C30F4F47C5691100058D955E87A3C01910000F6D9FF3030F4F5009079
:20ADE800009020283B20024049A4000A3B803E506D002F000228F68E14A0DAA27E0B9110F2
:20AE08000046D944C41C49A5040A09A4C2086DFFACE202823C01009020283B10024049A467
:20AE2800000A3B803E506D0014000228F68E14A0DAA17E0B91100046D944E01C49A5040AD4
:20AE480009A4C2086DFF91E202823C010090024F404F0258821902846D00600276223C182D
:20AE680034FF3B000240A005820540F46D00970202846D00530276223C0BDA0234FFDA00A4
:20AE8800ACF13B00024040F46D00E901820902923C01009020283B00024049A4000A3B80A2
:20AEA8003E506DFFD6FF0228F68E14A0DAA07E0B91100046D944F81C49A5040A09A4C208CB
:20AEC8006DFF53E202823C0100902010404F405C91100046D944EC0C820491100056D95576
:20AEE800AC0C3B0040506DFFC9E73BA013F0B4AF3BF013F0ACA23B3019F0ACA482348205ED
:20AF0800BB00386C9B961C603B5013706D00CC0B3B202C408215821682376D0013073B104A
:20AF28002E408215821682376D000C073B801E408205820682276D0005073B102E408205A9
:20AF48006D0062073BA000406D0061033B102E4082156D0059073B4006406D0058039110E0
:20AF68000026D922F41CDA00342F6DFF95FF022F6E023C0E6DFF52FFA0027DF203803C08DB
:20AF880040F440C56D00E001022F6E023C0102F23C0100902028404C0248A00F01CF104492
:20AFA80091100048D944994F3B5029506DFF69E4820991100046D944EC0C6DFF44E8DF02DE
:20AFC800200091100046D944EC0C6DFF3CE874A254A07F08048002803C0254A074A091103F
:20AFE8000046D944EC0C49A6000A820440C56DFF61E754AF10CC54A0A20854A04209911059
:20B0080000F6D9FFF41C14F0DF006B80911000F6D9FFF41CDA0134FF911000F6D9FFEC0C88
:20B028004840DA203FF007803B803E406D00760176223C50DA022CA4DA00ACA349A4040ABF
:20B048003B0002406D000B0109A04408DA903E0609A04408DA915F0F398009AFC6086E359F
:20B06800DF082A0009AFC6083FF8058009A4C6083C02028474A449A5080A40C46DFF75E158
:20B0880054AF10CC54AFA2F854AF42F954AF09A0C6087F0F108091100046D944EC0C54AF57
:20B0A80010AF49F5080A09A4C60854AFA2F46DFFDBE73C0B91100046D944EC0C49A5080AF4
:20B0C80009A4C6086DFFD0E709A04408DA905F0FA57F911000F6D9FFF41CDA0034FF0292B9
:20B0E8003C0100902028404F024991100026D922F41C142FEE6491100026D922F41C82108E
:20B1080034203C2D3B80FF007F9005803B80FF003C020290370070803B803E406D00FE00C7
:20B1280076223C1F49A5000A40F402846D00B80014A0DA903E0414A0DA917E0E09AFC208B0
:20B148006E0B91100046D944EC0C49A5040A09A4C2086DFF89E7A28901F800F6DF09D4FF4E
:20B168003C243B803E406D00D90076223C22DA0234AFDA00ACA149A4000A3B0002406D002B
:20B188006E0014A0DA903E0414A0DA917E0E09AFC2086E0B91100046D944EC0C49A5040A3B
:20B1A80009A4C2086DFF60E714A0DA905F0FDB7F911000F6D9FFF41CDA0034FF02923C011A
:20B1C80000902008404F025F0268821934A4ACA102846D00A30076223C1E49A4000A824450
:20B1E80040F502F56D00DB0002846D00970076223C12DA0234AFDA00ACA149A4000A820400
:20B208006D002D003B4001406D00220214A0DA807E02820902923C0100902040F4A489A59F
:20B22800840989A6880989A78C0949A4100A91100058D955884F6DFFA7E1370270503B10B7
:20B24800014049A4100ABB00356C6DFFBCFF022F6DFFC9FD02F23C010090404F024F3B20BC
:20B268002C406D00E504B0427B40000074208234824540F440F56D0088106E09823440F477
:20B28800B044B04F40F502F56D007F103B202C406D00CE04B042DA04742F0090404C405F57
:20B2A80002483B202C406D00C304B0427B4000F0742FDA0234FFA8188234824540F440F54C
:20B2C8006D006310DA207F8F12808234B04F3B00025040C440F56D005810823449C4200AAF
:20B2E8008B081E506D0041113C1040F4B04440C502846DFF3AE0823440F4B04440F5B045F9
:20B308003B0002506D0041103B202C406D009004B042DA04742F0090DA00534426803C09B3
:20B328003BA000406D009401C21F3F8F03803C073B801E406D00F604DF02F47F0B8F502194
:20B348003C0100902048A00F7D5F1000F4A489A5840949A4080A91100058D955BA3F6DFF37
:20B3680013E1370270503C0CF4A449A4080A91100058D955834F6DFF07E1370270503B0078
:20B38800014049A4080A3B0071626DFF1CFF022F6DFF29FD02F23C010090404F024F405CD0
:20B3A80002583B202C406D004304B0427B4000007420A0027DF20700823440F402F56D0009
:20B3C800D410A00F7DCF0700823440C402856D00CC103B202C406D002B04B042DA04742F1F
:20B3E80000902008404F024FA00201F2104491100048D944855F3B600C506DFF42E274AF30
:20B4080091100046D944C42C49A6000A820440F56DFF50E554A23C010090404F0248A0029D
:20B4280001F2104491100048D944855F3B2006506DFF27E282093C263B2014406D0072042E
:20B44800DF021980DA1E3FF80E8082243BE0015040F46D00A81449FF1E0A8B281E808209F2
:20B468003C08822440F402856D009D1482083C0C3C09C219DA643FF903803C0682146D00D1
:20B48800C600DF08DBFF02823C0100900D00000282046DFF13E79100004F82046DFF2DCD05
:20B4A800910000F6D9FF0840DA0034FF0D00400200800D00000282046DFF00E7C5F4004020
:20B4C80082046DFF1ACD910000F6D9FF0C40DA0034FF0D004002008002484DC0E1FF1607B0
:20B4E8003C01370F48404DC0E20F3700E1078B0020F23C013C01EE0D6DFF1DCD0920100972
:20B508003C013C014C243C01A20F3F8FFDFF3C3A82FF5F4F3700DA003E44DA01BE4A3C32F8
:20B52800910000F6D9FF0840DA0134FF6DFFB6E685FF100042F8A5F8300002246DFFBEE675
:20B548003C01910000F6D9FF084014FFEEFB3C1A910000F6D9FF0C40DA0134FF6DFF9EE604
:20B5680085FF1040428FA5FF304002246DFFA6E63C01910000F6D9FF0C4014FFEEFB3C02CA
:20B588003C01009020104DC0E2FF370FE1F78B0F20823C010D00400300003C013C018200D5
:20B5A80034A0DA002CA2DA1F2CA3DA002CA1DA017801DADCACA4DA002CAA9100004F49A5C0
:20B5C800000A6DFFE3CC9100004F82046DFF95CCDA0034AFDA002CA2DA1F2CA3DA002CA137
:20B5E800DA017801DADDACA4DA012CAAC5F4004049A5000A6DFFCACCC5F4004082046DFF59
:20B608007CCC76830D0000030090024FBB00C4097FF017803C0A3B0080429BB4E64E6DFF30
:20B628005DFFBB00C409A20FBB00C4093FF0F5FF3B50C3400654E2F46DFF50FF3C073B507B
:20B64800C3400654E2F46DFF49FF0090024F3B00A0059B2026007FF019803C0C3B0080420C
:20B668009BB4E64E6DFF3AFF3B00A0059B202600A20F3B00A0059B2026003FF0F1FF534FA6
:20B6880026406DFF2BFF3C05534F26406DFF26FF0090911000FF534420F010F2534420F04C
:20B6A80010FF39FFC2819602E92FC2810090911000FF534420F010F2534420F010FF39FF3E
:20B6C800C2819601E92FC281009020500248404C405D0279025402656D008E0149A40C0A83
:20B6E8009110005F6DFFB1B249A4100A49A50C0A6DFF12B349A4140A49A5100A6DFFF2B214
:20B70800DA084BF911028B01004291100048D944B65F3B8005506DFFB4E0821C4BC911A28A
:20B728003B0000047FA01D803C1A4BC91102020A3B0000F43FAF06804BC91102F6123C105F
:20B74800C21C370C68C0BFBC0B80820491100048D944B65F3B9006506DFF93E03CE7DF1CD3
:20B768000C80DA0089AF3E08DA0089AF3208DA0089AF22093C30DA0C89AF3E08DA0189AF71
:20B788003208910000F7D9FF000049FF200A80FFB70F1C007B0000FDFE054DC0E1FF1607AF
:20B7A8003C01910000F7D9FF000049FF200A80F0B7000C0AB770030E7B000011E21FA2F0DE
:20B7C8003C08910000F7D9FF000049FF200A80F089A02209DA0089AF3108DA0089AF3308EF
:20B7E800DA0289AF360880CFB70F1C007B0000FD7E0F4DC0E1FF16073C0180C0B7000C0A65
:20B80800B770030E7B000011E21FA2F03C0280C089A01A09DA0089AF3A08DA0189AF3F0851
:20B82800DA0089AF3B0889A81808DA0089AF3708DA0189AF0418DA3C89AF8818DA0089AFDA
:20B848000A1880DFB70F1C007B0000FD7E0F4DC0E1FF16073C0180D0B7000C0AB770030EDC
:20B868007B000011E21FA2F03C0280D089A01E0989AAAE0849A4000A49A5140A6DFFE7B1D3
:20B88800BF2C8F8082081D008A00738A0AF010DF80F0B7001C007B0000FDFE034DC0E1FFE6
:20B8A8008F7F00013C01738A0AF010DF80FFB70F0CFAB77F03FE7B000011E210A20F3C055C
:20B8C800738A0AF010DF80FF89AF1E099AFC5F8F2680910000F7D9FF000080FFB70F1C00B1
:20B8E8007B0000FDFE034DC0E1FF16073C01910000F7D9FF000080F0B7000C0AB770030EAB
:20B908007B000011E21FA2F03C06910000F7D9FF000080F089A022093C319A18530F22F007
:20B92800910000F7D9FF000010FF80FFB70F1C007B0000FDFE084DC0E1FF8F7F00013C0178
:20B948009A18530F22F0910000F7D9FF000010FF80FFB70F0CFAB77F03FE7B000011E2104A
:20B96800A20F3C0A9A18530F22F0910000F7D9FF000010FF80FF89AF220989AAAE0853080D
:20B9880022F0910000F7D9FF000010F449A5140A6DFFBFB1C218370868803FC878FF910031
:20B9A80000F7D9FF000049FF005AD4F209FF0408BC21534F20F060FF9140003F30F3D93FFB
:20B9C80040483C013C01B03F14FF960234FF02C23C010090DA003C0C534F2000600F9140DB
:20B9E800003F30F3D93FD438820074F0C21FBF4FF57F009020080B4510A84DC0E20F37007B
:20BA0800E1078B0020E23C010D00400300003C013C0102A46D008700402F3B000150C82421
:20BA280008C46DFFE9B3084409F550086DFF62C8084F74AFDA034BFA01C2DA034BFA0182EE
:20BA4800DA003EB6DA013EBBDA02BEB03C1654A46DFF4EC754A46DFFEFC73C1854A46DFF55
:20BA68009BC754A46DFF6EC73C1154A46DFF94C754A46DFFE1C73C0A820491100048D944D9
:20BA88009D6F3B500A506DFFFCDE54A46DFFFCC754A402C56DFF02C78216028454A56DFFC9
:20BAA80053C802846DFFA0C7821502846DFF86C8DA044BF80102534120F060FF9140003FFC
:20BAC80030F3D93FD438DA034BFA0102DA044BF00102DA003E18DA013E19DA023E1ADA0363
:20BAE8003E1B3C0D8200DA283C0A8200DA293C078230DA053C048200DA2B3C0114F137F148
:20BB080008F034FF081F370F82F12CF1083F96022CF3081F96042CF102EF6E030D000003A7
:20BB28000090DA015F4F2D00DA045F4F2F00DA065F4F3100DA075F4F3300DA085F4F3500B6
:20BB4800DA095F4F3700DA0A5F4F3900DA0B5F4F3B00DA0C5F4F3D00DA0D5F4F3F00DA0FEE
:20BB68005F4F4100DA125F4F4300DA135F4F4500DA155F4F4700DA165F4F49003C4C91101D
:20BB88000028D922BC1E3C5191100028D922902E3C4C91100028D922AC5E3C4791100028EF
:20BBA800D922A03E3C4291100028D922B04E3C3D91100028D922985E3C3891100028D922F9
:20BBC800845E3C3391100028D922B43E3C2E91100028D9228C3E3C2991100028D922806E47
:20BBE8003C2491100028D9229C4E3C1F91100028D922B82E3C1A91100028D922946E3C15BD
:20BC080091100028D922884E3C1091100028D922A42E3C0B820491100048D9449D6F3B5036
:20BC280004506DFF2EDEA0023C010090BB00FEFF26F4DA005F4F3200DA405F4F34003B00FE
:20BC480014F05F4F35003B0016F05F4F36003B001AF05F4F37003B001CF05F4F38003B003E
:20BC68001EF05F4F39003B0028F05F4F3A003B002AF05F4F3B003B002CF05F4F3C003B00D2
:20BC88002EF05F4F3D003B0040F05F4F3E003B0042F05F4F3F003C429140002FD922000A5F
:20BCA8003C3E9140002FD922008A3C399140002FD922000B3C349140002FD922004B3C2FE1
:20BCC8009140002FD92200CB3C2A9140002FD922400B3C259140002FD922404B3C209140D6
:20BCE800002FD922000C3C1B9140002FD922004C3C169140002FD922008C3C119140002F42
:20BD0800D92200CC3C0C9140002FD922008D3C079140002FD92200CD3C023C013C01009031
:20BD2800024F02F46DFF84FF161F09202409570061FF6E0382123C0282023C013C010090B2
:20BD48000B451088026AF69DDA003E74DA023E743C05DA003C05DA083C03DA103C013C08F2
:20BD6800DA043E723C03DAC03C03DA803C0102846DFF5EFF8FF80141402402F56DFF3CB2B1
:20BD880002846DFF55FF8FF80141820540246DFF65B2DF19198076AC02846DFF49FF8FF8AA
:20BDA80001F182100FF01000892004093C0C02846DFF3EFF8FF801F17B1000000FF01000A8
:20BDC8008920040900900248F65DDA003E64DA023E643C05DA003C05DA083C03DA103C01DA
:20BDE8003C08DA043E623C03DAC03C03DA803C0102846DFF1DFF8FF80141402402F56DFF2C
:20BE0800FBB10090024F765B02F46DFF11FF161F82100FF01000892004093C0B02F46DFF15
:20BE280007FF161F7B1000000FF01000892004090090911000F8D9FF284ED4F46DFF59A6C5
:20BE4800911000F8D9FF284EC8246DFF52A6009020880249025A4DC0E2FF370FE1F78B0F1E
:20BE680020B23C010D00400300003C013C01DA024BF901426DFF68A6402F49A4240A40F545
:20BE88006DFF8EA96DFFF5C102246DFFD2C90B2310C882083C1C820702A60BCD10486DFFF3
:20BEA800C5A00B231048BB0024649BF6006082076DFF0CA1BBF0FFFF7FF203803C0B8FFD49
:20BEC8001F1077CD800F0B0110C8C218DA103FF8E4FFDA103FF80280DA003E98DA013E9D8D
:20BEE800DA02BE92DA03BE973C1DDA0089AF2418DA1E89AFA2183C16DA0089AF2A18DA1FAC
:20BF080089AFA8183C0FDA0089AF2418DA2089AFA2183C08DA0089AF2A18DA2189AFA81811
:20BF28003C01DA024BF90102DF011780DA0089AF0018DA0789AF2018DA0189AF211889A230
:20BF480028090BCD10486DFFA2C989A22409DA0089AF0C183C15DA0189AF0018DA0989AF7C
:20BF68002618DA0289AF271889A230090BCD10486DFF8DC989A22C09DA0089AF1418DA005A
:20BF880089AF9A18DA0089AF9C18DA0089AF012849A4000A49A5240A6DFF3DA702BF6E0319
:20BFA8000D0000034D00D0FF16015E19DA0182103700010E37F0040C89F0283949A4000A04
:20BFC8006DFF08A9009020389100014F6DFFA7AE910001FF19FF00C0AE1F9100014F820415
:20BFE800BB0068599B85B9546DFF6FB09100014F82246DFF4FB049A4000A9100015F6DFFBF
:20C0080007B082083C1982093C13370868F02CA4370948F02CA549A4240A49A5000A6DFF79
:20C0280056AF49A4240A82146DFF20B0C219DA083FF9ED7FC218BF48E87F0090404F024FED
:20C048000B561088027AA00201F2104491100048D944857F3B202C506DFF13DC0BA9104139
:20C0680091100048D944857F3B302C506DFF09DC74F9681A2CF889F80A09821582168237E7
:20C0880002946DFF5FFE82158216824702A46DFF59FE00902008404F0249A00201F210445D
:20C0A80091100048D944857F3B400C506DFFE9DB82083B8000A054F0370050406DFFB8FD56
:20C0C800B0427B10000054FF161F0FF01000742009FF0A0974AF3C0154AF54A0C2F074A078
:20C0E800EEFC481F370F50406DFFA2FDB0428210481F161F0FF010007420481F370F504006
:20C10800820582066DFF61FE3C3554FF370F50406DFF8EFDB0427B10000054FF161F0FF0A8
:20C128001000742009FF0A0974AF3C0154AF54A0C2F074A0EEFC54FF370F50406DFF78FD27
:20C14800B042821054FF161F0FF01000742009FF0A0974AF3C0154AF54A0C2F074A0EEFC06
:20C168008618481F370F50406DFFDCFDA6283708688002AFC2FA370A68A0EEC854FF370F9D
:20C1880050406DFF55FDB0427B10000054FF161F0FF010007420481F370F50408215824605
:20C1A8006DFF13FE09FF0A0974AF3C0154AF54A0C2F074A0EEFC40F402946D005D000282C0
:20C1C8003C010090404F0248A00201F2104491100048D944857F3B702A506DFF52DB40F4CC
:20C1E8006D002D01088F861F370F684040F46D00B10040F402846D00AD0040F46D007A0130
:20C2080040F46D001C01088F861F9601370F684040F46D009F00821440F46DFF3DFF022FB4
:20C2280040F46D00670102F23C010090404F0B451088A00201F2104491100048D944857FC2
:20C248003B5029506DFF1DDB40F46D00F800088F861F370F684040F46D007C0040F40284D4
:20C268006D00780040F402946D00740040F46D00410100902008404F0248A00201F21044C9
:20C2880091100048D944857F3BC006506DFFF9DA54FF370F50406DFFCBFCB0427B10000023
:20C2A80054FF161F0FF010007420768E481F370F50406DFFBDFCB0428210481F161F0FF0C6
:20C2C800100074203C0E481F370F50406DFFB0FCB0427B100000481F161F0FF01000742057
:20C2E80009FF0A0974AF3C0154AF54A0C2F074A0EEFC54FF370F50406DFF9AFCB042821065
:20C3080054FF161F0FF01000742009FF0A0974AF3C0154AF54A0C2F074A0EEFC54FF370F2F
:20C3280050406DFF85FCB0427B10000054FF161F0FF010007420481F370F50406DFF78FCB3
:20C34800B0428210481F161F0FF01000742000902008404F0248A00201F2104491100048AF
:20C36800D944857F3BA00A506DFF8BDA3B0008903C590F9880F06E0E481F370F50406DFFEA
:20C3880057FCB0428210481F161F0FF0100074203C0E481F370F50406DFF4AFCB0427B10C9
:20C3A8000000481F161F0FF01000742086F909FF0A0982204B0F110274A03C0154AF54A045
:20C3C800C2F074A0EEFC54FF370F50406DFF30FCB042821054FF161F0FF01000742009FF2D
:20C3E8000A0974AF3C0154AF54A0C2F074A0EEFC54FF370F50406DFF1BFCB0427B100000F2
:20C4080054FF161F0FF01000742009FF0A0982204B0F110274A03C0154AF54A0C2F074A0B1
:20C42800EEFCDF09A8FF40F46D00BF00DF12048082023C0282123C0100902008404FA0022A
:20C4480001F2104491100048D944857F3B3004506DFF17DA54FF370F50406DFFE9FBB042FC
:20C46800821054FF161F0FF010007420481F370F50406DFFDDFBB0428210481F161F0FF057
:20C488001000742009FF0A0974AF3C0154AF54A0C2F074A0EEFC481F370F50406DFFC8FB62
:20C4A800B0427B100000481F161F0FF01000742009FF0A0974AF3C0154AF54A0C2F074A080
:20C4C800EEFC54FF370F50406DFFB2FBB0427B10000054FF161F0FF01000742009FF0A0965
:20C4E80074AF3C0154AF54A0C2F074A0EEFC00902008404FA00201F2104491100048D944F7
:20C50800857F3B7005506DFFBCD9481F370F50406DFF8EFBB0427B100000481F161F0FF0C4
:20C528001000742054FF370F50406DFF81FBB0427B10000054FF161F0FF01000742009FF8E
:20C548000A0974AF3C0154AF54A0C2F074A0EEFC54FF370F50406DFF6BFBB042821054FFE7
:20C56800161F0FF01000742009FF0A0974AF3C0154AF54A0C2F074A0EEFC481F370F50407C
:20C588006DFF56FBB0428210481F161F0FF01000742009FF0A0974AF3C0154AF54A0C2F0EF
:20C5A80074A0EEFC00902008404FA00201F2104491100048D944857F3B8008506DFF61D982
:20C5C800820854FF370F50406DFF32FBB0427B10000054FF161F0FF010007420481F370FB2
:20C5E80050406DFF25FBB0428210481F161F0FF010007420481F370F5040820582066DFF9C
:20C60800E4FB09FF0A0974AF3C0154AF54A0C2F074A0EEFC54FF370F50406DFF09FBB04286
:20C62800821054FF161F0FF01000742009FF0A0974AF3C0154AF54A0C2F074A0EEFC481FAC
:20C64800370F50406DFF6EFB7622821854FF370F50406DFFEDFAB0427B10000054FF161F74
:20C668000FF010007420481F370F5040821582466DFFABFB09FF0A0974AF3C0154AF54A0EF
:20C68800C2F074A0EEFC02823C010090094F4218370FE3013C04094F10293C01020FC2F0E4
:20C6A800EEFB009049AA20BA0B4510880B6710A809ACA04809ADA44809AEA848DA644BFBB0
:20C6C80001020B08004191100048D944B17F3BB03D506DFFD6D8DA644BFC01020B08004157
:20C6E80091100048D944B17F3BC03D506DFFC9D8DA644BFD01020B08004191100048D94484
:20C70800B17F3BD03D506DFFBCD83B3019F03EEEDA644BFE01020B08004191100048D944C5
:20C72800B17F3B003E506DFFACD8911000F6D9FFEC2CB4FE370848406DFFDBAF402CB4AE44
:20C7480049A4103A49A5283A0B8B10480BCD10686D00900149A4040A40C56DFF0BB4DA0009
:20C768002CA4BB00C2FB9BEFC3F47805DA002CAC49AF103AF80949A4300A49A5040A6DFF27
:20C78800D3B149A4303A49A5300A6DFFAFB14B0A61F1783DDA003E99DA01BE93DA02BE9E51
:20C7A800DA035F9F27003C3109AF7838B70F81F189AF383809AF7838961089AF38383C25A3
:20C7C80009AF7838B70F81F189AF383809AF7838B70F01F289AF38383C1809AF78389608E6
:20C7E80089AF383809AF7838961089AF38383C0D09AF7838960889AF383809AF7838B70FAE
:20C8080001F289AF38383C0109AF7838962089AF383809A0F838DA0837F006F389AFB8386F
:20C8280009AF7938B70F01F289AF393809A2E83989A2CC493B3019F07EE609AF783896043F
:20C8480089AF383849A43C1A49A5303A6DFF5CB03B3019F05FEF2D80D83CD4FFC8AF09FF40
:20C868005108B70F01F389FF110882048205820640C46DFF87AF911000F6D9FFEC2C3B30CF
:20C8880019F0B4FFDA003E88DA013E89DA023E8ADA033E8B3C0D3B2001E03C0A3B8007E0DB
:20C8A8003C073BE00DE03C043B4014E03C01DA0509C0560837F003F289CF1608534820F0F6
:20C8C800911000F6D9FFDC2C10FF4CC674FF534820F0911000F6D9FFDC2C10FF534820F069
:20C8E80091100026D922DC2C1022092FC208B77F85F3ACF1534820F0911000F6D9FFDC2CC5
:20C9080010FF534820F091100026D922DC2C1022142FB71F03F234FF534820F0911000F6D6
:20C92800D9FFDC2C10FF534820F091100026D922DC2C1022142FB71F83F034FF534820F0EF
:20C94800911000F6D9FFDC2C10F2534820F0911000F6D9FFDC2C10FF081FB71F03F12C21E7
:20C96800534820F0911000F6D9FFDC2C10FF534820F091100026D922DC2C1022092FC008D7
:20C98800B71F83F3B4FF534820F0911000F6D9FFDC2C10F2534820F0911000F6D9FFDC2C4A
:20C9A80010FF082F96202C22534820F0911000F6D9FFDC2C10F2534820F0911000F6D9FFE7
:20C9C800DC2C10FF082FB70F81F12C22534820F0911000F6D9FFDC2C10F2534820F091100B
:20C9E80000F6D9FFDC2C10FF082FB70F01F32C22534820F0911000F6D9FFDC2C10F253484C
:20CA080020F0911000F6D9FFDC2C10FF082FB71F03F02C22534820F0911000F6D9FFDC2C08
:20CA280010F2534820F0911000F6D9FFDC2C10FF081FB71F83F22C21534820F0911000F6BA
:20CA4800D9FFDC2C10F2534820F0911000F6D9FFDC2C10FF0830DA664BFE0122DA064BF3B9
:20CA680001229AD2370F68F037F004F22C2300900B67108894AF404F405C3B80000089F0D9
:20CA880014083B00080028C03B0008002840820089F01508820089C005083B00080089C020
:20CAA800040882005F400D0082105F40C20082205F408B0182305F4087021D00CF03F6575E
:20CAC80091100028D922188EF4F23C12DF15088091100028D922288EF4F23C0A8204911067
:20CAE8000048D944B17F3B2004506DFFCAD6DF68088091100028D922387EE8223C12DF78E6
:20CB0800088091100028D922088EE8223C0A820491100048D944B17F3B6004506DFFB1D63D
:20CB28003BC000005F09088091100028D922287EE8423C0A820491100048D944B17F3B90A1
:20CB480004506DFF9ED63B2001007E07911000F8D9FF388EF4CF3C6A3B8001007E07911036
:20CB680000F8D9FF209EF4CF3C613BE001007E07911000F8D9FF349EF4CF3C583B40020007
:20CB88007E07911000F8D9FF08AEF4CF3C4F3BA002007E07911000F8D9FF1CAEF4CF3C46B1
:20CBA8003B0003007E07911000F8D9FF30AEF4CF3C3D3B6003007E07911000F8D9FF04BEC9
:20CBC800F4CF3C343BC003007E07911000F8D9FF18BEF4CF3C2B3B2004007E07911000F8A9
:20CBE800D9FF2CBEF4CF3C223B8004007E07911000F8D9FF00CEF4CF3C193B0006007E07E9
:20CC0800911000F8D9FF0C9EF4CF3C103B3019007E04A00FF4CF3C0A820491100048D94498
:20CC2800B17F3B7005506DFF2CD61D0017033B6006005F05088091100028D92224DEF4F2DE
:20CC48003C143B7006005F05088091100028D92234DEF4F23C0A820491100048D944B17F21
:20CC68003BF005506DFF0DD63BC006005F08088091100028D92234CEE8223C1E3BD00600B2
:20CC88005F08088091100028D92204DEE8223C143BE006005F08088091100028D92214DED7
:20CCA800E8223C0A820491100048D944B17F3B4006506DFFE6D53B2007005F090880911075
:20CCC8000028D92214CEE8423C143B3007005F09088091100028D92224CEE8423C0A8204BF
:20CCE80091100048D944B17F3B8006506DFFC9D53B8007007E07911000F8D9FF04EEF4CF6E
:20CD08003C613BE007007E07911000F8D9FF18EEF4CF3C583B4008007E07911000F8D9FF80
:20CD28002CEEF4CF3C4F3BA008007E07911000F8D9FF00FEF4CF3C463B0009007E079110FD
:20CD480000F8D9FF14FEF4CF3C3D3B6009007E07911000F8D9FF28FEF4CF3C343BC00900B6
:20CD68007E07911000F8D9FF3CFEF4CF3C2B3B200A007E07911000F8D9FF500EF4CF3C2277
:20CD88003B800A007E07911000F8D9FF640EF4CF3C193BE00A007E07911000F8D9FF780EA5
:20CDA800F4CF3C103B3019007E04A00FF4CF3C0A820491100048D944B17F3B5007506DFF94
:20CDC80060D51D004B023BC00C005F05088091100028D9224C3EF4F23C323BD00C005F059C
:20CDE800088091100028D9225C3EF4F23C283BE00C005F05088091100028D9226C3EF4F294
:20CE08003C1E3BF00C005F05088091100028D9227C3EF4F23C143B000D005F050880911004
:20CE28000028D9224C4EF4F23C0A820491100048D944B17F3BF007506DFF23D53B200D00F7
:20CE48005F08088091100028D9225C2EE8223C1E3B300D005F08088091100028D9226C2E64
:20CE6800E8223C143B400D005F08088091100028D9227C2EE8223C0A820491100048D9448F
:20CE8800B17F3B4008506DFFFCD43B800D005F09088091100028D9224C2EE8423C323B90F2
:20CEA8000D005F09088091100028D9224C1EE8423C283BA00D005F09088091100028D92215
:20CEC8005C1EE8423C1E3BB00D005F09088091100028D9226C1EE8423C143BC00D005F092C
:20CEE800088091100028D9227C1EE8423C0A820491100048D944B17F3BB008506DFFC1D4D4
:20CF08003BE00D007E07911000F8D9FF5C4EF4CF3C583B400E007E07911000F8D9FF704EAD
:20CF2800F4CF3C4F3BA00E007E07911000F8D9FF445EF4CF3C463B000F007E07911000F86D
:20CF4800D9FF585EF4CF3C3D3BC00F007E07911000F8D9FF6C5EF4CF3C343B2010007E0712
:20CF6800911000F8D9FF406EF4CF3C2B3B8010007E07911000F8D9FF546EF4CF3C223BE0A1
:20CF880010007E07911000F8D9FF686EF4CF3C193B4011007E07911000F8D9FF7C6EF4CF66
:20CFA8003C103B3019007E04A00FF4CF3C0A820491100048D944B17F3B7009506DFF61D4FE
:20CFC8001D004C013B2013005F05088091100028D92250AEF4F23C323B3013005F05088005
:20CFE80091100028D922709EF4F23C283B4013005F05088091100028D92240AEF4F23C1EA1
:20D008003B5013005F05088091100028D92260AEF4F23C143B6013005F0508809110002813
:20D02800D92270AEF4F23C0A820491100048D944B17F3B100A506DFF24D43B8013005F08A9
:20D04800088091100028D922708EE8223C323B9013005F08088091100028D922409EE8228D
:20D068003C283BA013005F08088091100028D922509EE8223C1E3BB013005F0808809110C3
:20D088000028D922608EE8223C143BC013005F08088091100028D922609EE8223C0A820488
:20D0A80091100048D944B17F3B800A506DFFE9D33BE013005F09088091100028D922507E45
:20D0C800E8423C323BF013005F09088091100028D922707EE8423C283B0014005F09088003
:20D0E80091100028D922408EE8423C1E3B1014005F09088091100028D922508EE8423C14A7
:20D108003B2014005F09088091100028D922607EE8423C0A820491100048D944B17F3BF0AF
:20D128000A506DFFAED33B4014007E08911000F8D9FF40BEF4CF1D0090003BA014007E0837
:20D14800911000F8D9FF50CEF4CF1D0086003BB014007E07911000F8D9FF64CEF4CF3C7C30
:20D168003B0015007E07911000F8D9FF78CEF4CF3C733B1015007E07911000F8D9FF4CDE29
:20D18800F4CF3C6A3B6015007E07911000F8D9FF60DEF4CF3C613BC015007E07911000F8AC
:20D1A800D9FF74DEF4CF3C583B2016007E07911000F8D9FF48EEF4CF3C4F3B8016007E07A5
:20D1C800911000F8D9FF5CEEF4CF3C463BE016007E07911000F8D9FF70EEF4CF3C3D3BF05B
:20D1E80016007E07911000F8D9FF44FEF4CF3C343B4017007E07911000F8D9FF58FEF4CF05
:20D208003C2B3B6018007E07911000F8D9FF54BEF4CF3C223BC018007E07911000F8D9FFBA
:20D2280068BEF4CF3C193B2019007E07911000F8D9FF7CBEF4CF3C103B3019007E04A00F40
:20D24800F4CF3C0A820491100048D944B17F3B100C506DFF16D33C0100900B451088370811
:20D2680048406DFF46AA402C40C46DFF11FA534820F0911000F6D9FFDC2C10FF54FF8200D5
:20D28800370F01F089CF201989C924193C0109CF4218370FE3F16EFC40C46DFFF9F953483F
:20D2A80020F0911000F6D9FFDC2C10FF54FF8210370F01F089CF2019DA0089CF24193C0177
:20D2C80009CF4218370FE3F16EFC3C0109CF41186F3FFE7FBBF0FFFF89CF141909CF1029B8
:20D2E8003C01370F68203C0100900B541088404C026A370948406DFFFCA9402D40D46DFF99
:20D30800C7F9534920F0911000F6D9FFDC2C10FF54F082013710010089D0201989D82419D4
:20D328003C0109D042183700E3F16EFC40D46DFFAFF9DF1A0F80534920F0911000F6D9FF35
:20D34800DC2C10FF54FF8210370F01F089DF2019DA0089DF24193C0109DF4218370FE3F1D9
:20D368006EFC09DF10293C0134CFB01CC2FADF0AE2FF3C0109DF41186F3FFE7FBBF0FFFF36
:20D3880089DF141900900248404C405D0259370848406DFFAEA9402E534820F0911000F658
:20D3A800D9FFDC2C10FF54F082013710010089E0201940E46DFF6CF9DF190F80534820F09E
:20D3C800911000F6D9FFDC2C10FF54F082113710010089E0201914CFB01C89EF2419BCDD01
:20D3E8003C0109EF4218370FE3F16EFC09EF10293C0134DFB01D3C063C0109EF42181607D6
:20D40800EEFDC2F9DF09DAFF3C0109EF41186F3FFE7FBBF0FFFF89EF141900900B4510881E
:20D42800370848406DFF65A9534820F0911000F6D9FFDC2C10FF54F08201371001008920BA
:20D448002019BB00F00F26908680892024193C01092F42181607EEFD534820F0911000F616
:20D46800D9FFDC2C10FF54FF8210370F01F0892F20198FF90FF1892F24193C01092F41185D
:20D488006F3FFE7FBBF0FFFF892F141900900248404C0259370848406DFF2BA9534820F058
:20D4A800911000F6D9FFDC2C10FF54F08201371001008920201909C0C008BB00F01F26105C
:20D4C8008680892024193C01092F42181607EEFDDF190F80534820F0911000F6D9FFDC2CD8
:20D4E80010FF54FF8210370F01F0892F201909CFC00816FFB02C892F24193C01092F4218B3
:20D508001607EEFDC2F9DF09D8FF3C01092F41186F3FFE7FBBF0FFFF892F14190090024F19
:20D528000258370F48406DFFE4A8534F20F0911000F6D9FFDC2C10FF54FF8210370F01F06F
:20D54800892F2019892824193C01092F42181607EEFD3C01092F41186F3FFE7FBBF0FFFF6B
:20D56800892F141900900248404C0259370848406DFFBFA8534820F0911000F6D9FFDC2C41
:20D5880010FF54F082013710010089202019DF190F80534820F0911000F6D9FFDC2C10FFCB
:20D5A80054F08211371001008920201914CFB01C892F24193C01092F42181607EEFDC2F92C
:20D5C800DF09E7FF3C01092F41186F3FFE7FBBF0FFFF892F141900900B451088026A3708CB
:20D5E80048406DFF86A8402C534820F0911000F6D9FFDC2C10FF54FF8200370F01F089CF00
:20D60800201940C46DFF44F889C924193C0109CF42181607EEFD534820F0911000F6D9FFFD
:20D62800DC2C10FF54FF8210370F01F089CF201989CA24193C0109CF42181607EEFD3C01DA
:20D6480009CF41186F3FFE7FBBF0FFFF89CF14190090A002DA003E48DA013E4BDA023E4EDA
:20D66800DA03BE413C1591100026D922F02C3C1091100026D922DC4C3C0B91100026D92258
:20D68800C86C3C0691100026D922F47C3C013C01009020200B4510A80B7610884DC0E2FF81
:20D6A800370FE1F78B0F20C23C010D00400300003C013C01370A48406DFFB595911000465B
:20D6C800D944E09C40256DFF789902A46D00250202A46D00B402911000F6D9FFE09CDA08F7
:20D6E80089FF2C08911000F6D9FFE09CDA04ACF4911000F6D9FFE09C4B0B61F16CF191106C
:20D7080000F6D9FFE09CDA072CFAA00FF4AFA00FF80449A4180A49A5080A0BA91048028610
:20D728006D002800DA102CACDA8089AF1C08DA0089AF1D08911000F6D9FFE09C49A2000ABD
:20D74800E8A202A46DFF87FF91100056D955E09C40246DFFF896820502A46D00B4018205CA
:20D7680002A46D00F60202CF6E030D0000030090DA003E4CDA015F4F4000DA025F4FC60037
:20D78800DA035F4F27011D008901F658911000F8D9FFD48D80FF744F3C1CDF15098091104F
:20D7A80000F8D9FFE48D80FF744F3C13DF250980911000F8D9FFF48D80FF744F3C0ADF3574
:20D7C8000980911000F8D9FFC49D80FF744F3C01F668911000F8D9FFF47D80FF745F3C0A8F
:20D7E800DF160980911000F8D9FFC48D80FF745F3C011D005401DF450980911000F8D9FFC2
:20D80800F4AD80FF744F3C49DF550980911000F8D9FFC4BD80FF744F3C40DF6509809110BD
:20D8280000F8D9FFD4BD80FF744F3C37DF750980911000F8D9FFE4BD80FF744F3C2EDA084D
:20D848007E58911000F8D9FFF4BD80FF744F3C25DA097E58911000F8D9FFC4CD80FF744F28
:20D868003C1CDA0A7E58911000F8D9FFD4CD80FF744F3C13DA0B7E58911000F8D9FFE4CD0E
:20D8880080FF744F3C0ADA0C7E58911000F8D9FFF4CD80FF744F3C01DF460980911000F844
:20D8A800D9FFD49D80FF745F3C2EDF560980911000F8D9FFE49D80FF745F3C25DF6609802A
:20D8C800911000F8D9FFF49D80FF745F3C1CDF360980911000F8D9FFC4AD80FF745F3C1373
:20D8E800DF760980911000F8D9FFD4AD80FF745F3C0ADF260980911000F8D9FFE4AD80FFA9
:20D90800745F3C011D00CB00DA0D7E58911000F8D9FFD4ED80FF744F3C2EDA0E7E5891100D
:20D9280000F8D9FFE4ED80FF744F3C25DA0F7E58911000F8D9FFF4ED80FF744F3C1CDA1006
:20D948007E58911000F8D9FFC4FD80FF744F3C13DA117E58911000F8D9FFD4FD80FF744FE1
:20D968003C0ADA127E58911000F8D9FFE4FD80FF744F3C01DA0B7E68911000F8D9FFC4DDE9
:20D9880080FF745F3C25DA097E68911000F8D9FFD4DD80FF745F3C1CDA0A7E68911000F8D4
:20D9A800D9FFE4DD80FF745F3C13DA0C7E68911000F8D9FFF4DD80FF745F3C0ADA087E68B7
:20D9C800911000F8D9FFC4ED80FF745F3C013C66DA137E58911000F8D9FF340E80FF744F34
:20D9E8003C37DA147E58911000F8D9FF041E80FF744F3C2EDA157E58911000F8D9FF141E41
:20DA080080FF744F3C25DA167E58911000F8D9FF241E80FF744F3C1CDA177E58911000F8E8
:20DA2800D9FF341E80FF744F3C13DA187E58911000F8D9FF042E80FF744F3C0ADA197E5867
:20DA4800911000F8D9FF142E80FF744F3C01DA0E7E68911000F8D9FFF4FD80FF745F3C1CB2
:20DA6800DA0F7E68911000F8D9FF040E80FF745F3C13DA0D7E68911000F8D9FF140E80FFCC
:20DA8800745F3C0ADA107E68911000F8D9FF240E80FF745F3C013C023C010090404F82083F
:20DAA8006DFFD9FDD424094F5208161F3C016E07D424821440F56DFF3F94821802823C012E
:20DAC80000900258911000F6D9FFE09CD4FF370448406DFFA89391100046D944E09C402547
:20DAE8006DFF6B9740F46DFF0E94370868F06E03DA013C02DA0009F0431837F001F289FF7D
:20DB0800031876850C2196042C213C050C21B70F01F12C210090DA003E4CDA015F4F2B00B8
:20DB2800DA025F4F4900DA035F4F67001D008600911000F6D9FFE09C91100026D922F43C98
:20DB4800E8C2911000F6D9FFE09C91100026D922CC3CE8E2911000F6D9FFE09CDA0189FF46
:20DB6800AE08911000F6D9FFE09CDA0189FFB4083C64911000F6D9FFE09C91100026D92290
:20DB8800E05CE8C2911000F6D9FFE09C91100026D922F84CE8E2911000F6D9FFE09CDA0116
:20DBA80089FFAE08911000F6D9FFE09CDA0189FFB4083C43911000F6D9FFE09C91100026E4
:20DBC800D922CC7CE8C2911000F6D9FFE09C91100026D922E46CE8E2911000F6D9FFE09C9E
:20DBE800DA0189FFAE08911000F6D9FFE09CDA0189FFB4083C22911000F6D9FFE09C911010
:20DC08000026D922F88CE8C2911000F6D9FFE09C91100026D922D08CE8E2911000F6D9FF6B
:20DC2800E09CDA0189FFAE08911000F6D9FFE09CDA0189FFB4083C010090DA003E4BDA0132
:20DC48005F4F2600DA025F4F4000DA035F4F5A003C75911000F6D9FFE09CDA0B89FFA00888
:20DC6800911000F6D9FFE09CDA0A89FFA208911000F6D9FFE09CDA0C89FFA408911000F6FF
:20DC8800D9FFE09CDA0089FF26083C61911000F6D9FFE09CDA0D89FFA008911000F6D9FF8A
:20DCA800E09CDA0E89FFA208911000F6D9FFE09CDA0F89FFA408911000F6D9FFE09CDA00F9
:20DCC80089FF26083C44911000F6D9FFE09CDA1089FFA008911000F6D9FFE09CDA1189FFA3
:20DCE800A208911000F6D9FFE09CDA1289FFA408911000F6D9FFE09CDA0089FF26083C2789
:20DD0800911000F6D9FFE09CDA1389FFA008911000F6D9FFE09CDA1489FFA208911000F651
:20DD2800D9FFE09CDA1589FFA408911000F6D9FFE09CDA0089FF26083C0A82049110004834
:20DD4800D944988F3BC006506DFF9BCD00900258911000F6D9FFE09CD4FF370448406DFF7B
:20DD6800629291100046D944E09C40256DFF259640F46DFFD592370868F06E03DA013C0273
:20DD8800DA0009F0431837F081F389FF031876850C2196042C213C050C21B70F01F12C218D
:20DDA8000090404F025F6DFF56FCD42440F502F46DFFB8930090200834A56DFF4CFCD42406
:20DDC80049A5000A82146DFFAD9300900248404F3C0909FF0008B01F370F685002846DFF84
:0ADDE800ECFF09FF0008EEF60090C2
:20DDF400000600F000B403F00100000000000000000600F000B503F00300000001000000CF
:20DE1400000600F000B403F00000000090000000000600F000B403F0010000009000000093
:20DE3400000600F000B503F00200000090000000000600F000B503F003000000900000006D
:20DE5400000700F000B503F00100000000000000000700F000B503F0050000000100000069
:20DE7400000700F000C003F00900000002000000000700F000B103F00A0000000400000030
:20DE9400000700F000D303F00D00000005000000000700F000A203F003000000060000000A
:20DEB400000700F000A203F00200000090000000000700F000B103F00C00000090000000F9
:20DED400000700F000B503F00000000090000000000700F000B503F00100000090000000CF
:20DEF400000700F000B503F00400000090000000000700F000B503F00500000090000000A7
:20DF1400000700F000C003F00A00000090000000000700F000D303F00C0000009000000050
:20DF3400000700F000D303F00D00000090000000000800F000B403F00300000000000000D1
:20DF5400000800F000A203F00100000001000000000800F000B003F006000000030000007A
:20DF7400000800F000D303F00800000004000000000800F000A203F0000000000600000030
:20DF9400000800F000A203F00000000090000000000800F000B003F0050000009000000020
:20DFB400000800F000B403F00200000090000000000800F000B403F00300000090000000EA
:20DFD400000800F000D303F00800000090000000000800F000D303F0090000009000000080
:20DFF400000900F000B503F00700000000000000000900F000C003F00300000002000000B4
:20E01400000900F000A003F00100000004000000000900F000C103F00600000005000000A3
:20E03400000900F000A003F00000000098000000000900F000A003F001000000900000008B
:20E05400000900F000B503F00600000090000000000900F000B503F007000000900000003D
:20E07400000900F000C003F00000000090000000000900F000C003F0030000009000000011
:20E09400000900F000C103F00700000090000000000600F000000000000700F0010000003A
:20E0B400000800F002000000000900F0030000000050C348640000000050C34864000000D8
:20E0D400140000000000000000000000010000000000000000000000000000000000000017
:20E0F4000000000000000000000001010700000000000901000000000602000000000A03E4
:20E114000000000000000000000000000101000000000000002A00F000000000002B00F0B4
:20E1340001000000000081F800000000000083F801000000000000000000000000000000D5
:20E1540000000000000000000000000000000000000000000000010000010F00010F00008A
:20E1740000000000000000000000000000A003F00000000000A203F00200000000B003F0BE
:20E194000A00000000B103F00B00000000B303F00D00000000B403F00E00000000B503F0A2
:20E1B4000F00000000C003F01400000000C103F01500000000C203F01600000000C303F02B
:20E1D4001700000000D203F02000000000D303F021000000001C00F000C003F00C0000007D
:20E1F40000000000001C00F000C003F00C000000A0000000001C00F000C003F00E000000D3
:20E2140098000000001C00F000C003F00B00000098000000001C00F000C003F00D00000024
:20E23400A8000000001C00F00000000000C003F00800000098000000001C00F00D000000AA
:20E2540000B503F00000000098000000001C00F00100000000C003F0090000009800000009
:20E27400001C00F00200000000C003F00D00000098000000001C00F00300000000B103F071
:20E294000A00000098000000001C00F00400000000B103F00B00000098000000001C00F065
:20E2B4000500000000B103F00200000098000000001C00F00600000000C003F00A00000038
:20E2D40098000000001C00F00700000000D303F00500000090000000001C00F00800000010
:20E2F40000C003F00600000098000000001C00F00900000000C003F0030000009800000056
:20E31400001D00F000B003F00100000000000000001D00F000B103F0030000000100000083
:20E33400001D00F000B003F00100000090000000001D00F000B003F003000000980000003D
:20E35400001D00F000B103F00900000098000000001D00F000B003F002000000980000000D
:20E37400001D00F000B103F00600000098000000001D00F00000000000C003F00800000072
:20E39400A0000000001D00F00100000000C003F009000000A0000000001D00F00200000050
:20E3B40000C003F00D000000A0000000001D00F00300000000B103F00A000000A00000008B
:20E3D400001D00F00400000000B103F00B000000A0000000001D00F00500000000B103F013
:20E3F40002000000A0000000001D00F00600000000D303F00A00000090000000001D00F0E7
:20E414000700000000D303F00500000098000000001D00F00800000000B003F004000000C2
:20E4340098000000001D00F00900000000B003F005000000A0000000001E00F000B503F01C
:20E454000400000000000000001E00F000B503F00700000001000000001E00F000C103F024
:20E474000200000002000000001E00F000C103F00300000002000000001E00F000B503F007
:20E494000200000004000000001E00F000B303F00300000098000000001E00F000B503F05D
:20E4B4000500000098000000001E00F000B503F00600000098000000001E00F000B303F0A3
:20E4D4000000000098000000001E00F000B303F00100000098000000001E00F000B503F08D
:20E4F4000300000098000000001E00F000B503F006000000A8000000001E00F000B503F053
:20E514000800000098000000001E00F00000000000B503F00200000098000000001E00F0E9
:20E534000100000000B403F00200000098000000001E00F00200000000B403F006000000C8
:20E5540098000000001E00F00300000000B403F00300000098000000001E00F005000000A9
:20E5740000B503F00100000098000000001E00F00600000000D303F00D000000A0000000BF
:20E59400001E00F00700000000C003F00A000000A0000000001E00F00800000000C003F02C
:20E5B40006000000A0000000001E00F00900000000C003F003000000A0000000001F00F025
:20E5D40000A203F00500000000000000001F00F000D303F00D00000003000000001F00F099
:20E5F40000C203F00100000004000000001F00F000C103F00200000005000000001F00F074
:20E6140000C103F00300000005000000001F00F000C203F003000000A0000000001F00F0B4
:20E6340000A203F00600000098000000001F00F000B003F00600000098000000001F00F034
:20E6540000C203F00000000098000000001F00F000D303F00C00000098000000001F00F0D1
:20E6740000C203F000000000A0000000001F00F000C203F001000000A0000000001F00F0BD
:20E6940000A203F00700000098000000001F00F000C203F00300000098000000001F00F0C4
:20E6B40000D303F00B00000098000000001F00F00000000000A203F004000000980000009D
:20E6D400001F00F00B00000000D303F00A00000098000000001F00F00C00000000C203F0D4
:20E6F4000200000098000000001F00F00D00000000C303F00100000098000000001F00F0F2
:20E714000100000000A203F00000000098000000001F00F00100000000D303F009000000D8
:20E7340098000000001F00F00200000000A203F00100000098000000001F00F002000000DD
:20E7540000D303F00800000098000000001F00F00300000000A203F00200000098000000FE
:20E77400001F00F00400000000A203F00300000098000000001F00F00500000000A203F099
:20E794000800000090000000001F00F00600000000A003F00800000090000000001F00F07E
:20E7B4000700000000A003F00900000090000000001F00F00700000000D303F0070000002F
:20E7D40098000000001F00F00800000000B003F00500000098000000001C00F0000000002A
:20E7F400001D00F001000000001E00F002000000001F00F003000000040017B7D1380000FA
:20E8140000000000030017B7D138000000000000020017B7D138000000000000030000002E
:20E834000CE80080013B050017B7513912011202FF0F3F0312221402FFFFFF0F02000000E8
:20E854000F000000010000000F000000000000003F000000000000003F000000D51400001E
:20E87400FF7F0000002D3101006003F00000000000B503F00400000000000000006003F055
:20E894000100000000B403F00300000000000000006003F00700000000C003F009000000A3
:20E8B40000000000006003F00600000000B103F00A00000003000000006003F004000000E3
:20E8D40000B503F00500000003000000006003F00200000000A203F0010000000100000088
:20E8F400006003F00300000000B403F00100000001000000006003F00700000000B503F003
:20E914000100000002000000006003F00500000000B503F00800000000000000006003F085
:20E934000200000000B003F00200000000000000006003F00300000000B003F00300000020
:20E9540000000000006003F00300000000A203F00000000002000000006003F00200000061
:20E9740000A003F00400000002000000006003F00400000000D303F00700000000000000C6
:20E99400006003F00600000000C003F00000000000000000000000F000000000000100F076
:20E9B400010000000000000000000000000000000000000000000000000000000000000042
:20E9D400000000000000000000000000000000000000000000000000000000000000000023
:20E9F400000000000000000000000000000000000000000000000000000000000000000003
:20EA14000000000000000000000000000000000000000000000000000000000000000000E2
:20EA34000000000000000000000000000000000000000000000000000000000000000000C2
:20EA54000000000000000000000000000000000000000000000000000000000000000000A2
:20EA7400000000000000000000000000000000000000000000000000000000000000000082
:20EA9400000000000000000000000000000000000000000000000000000000000000000062
:20EAB400000000000000000000000000000000000000000000000000000000000000000042
:20EAD400000000000000000000000000000000000000000000000000000000000000000022
:20EAF400000000000000000000000000000000000000000000000000000000000000000002
:20EB14000000000000000000000000000000000000000000000000000000000000000000E1
:20EB34000000000000000000000000000000000000000000000000000000000000000000C1
:20EB54000000000000000000000000000000000000000000000000000000000000000000A1
:20EB7400000000000000000000000000000000000000000000000000000000000000000081
:20EB9400000000000000000000000000000000000000000000000000000000000000000061
:20EBB400000000000000000000000000000000000000000000000000000000000000000041
:20EBD400000000000000000000000000000000000000000000000000000000000000000021
:20EBF400000000000000000000000000000000000000000000000000000000000000000001
:20EC14000000000000000000000000000000000000000000000000000000000000000000E0
:20EC34000000000000000000000000000000000000000000000000000000000000000000C0
:20EC54000000000000000000000000000000000000000000000000000000000000000000A0
:20EC7400000000000000000000000000000000000000000000000000000000000000000080
:20EC9400000000000000000000000000000000000000000000000000000000000000000060
:20ECB400000000000000000000000000000000000000000000000000000000000000000040
:20ECD400000000000000000000000000000000000000000000000000000000000000000020
:20ECF400000000000000000000000000000000000000000000000000000000000000000000
:20ED14000000000000000000000000000000000000000000000000000000000000000000DF
:20ED34000000000000000000000000000000000000000000000000000000000000000000BF
:20ED540000000000000000000000000000000000000000000000000000000000000000009F
:20ED740000000000000000000000000000000000000000000000000000000000000000007F
:20ED940000000000000000000000000000000000000000000000000000000000000000005F
:20EDB4000000000086028702620163014E414E006E616E00494E4600696E6600000202022D
:20EDD400020202020202030101010102020202020202020202020202020202020204404064
:20EDF4004040404040404040404040404020202020202020202020404040404040408888AF
:20EE140088888888080808080808080808080808080808080808080840404040404090907E
:20EE340090909090101010101010101010101010101010101010101040404040020000003C
:20EE540000000000000000000000000000000000000000000000000000000000000000009E
:20EE740000000000000000000000000000000000000000000000000000000000000000007E
:20EE940000000000000000000000000000000000000000000000000000000000000000005E
:20EEB40000000000000000000000000000000000000000000000000000000000006D743924
:20EED400763033782066616C6C006D74397630337820737563636573730077696669206F4C
:20EEF4006B0077696669206661696C00646174610074756E696E67006D61696E002D2D3EBC
:20EF140064617461002D2D3E74756E696E67005749464920494E4954204641494C003830EF
:20EF34003830003630363000544350204641494C00544350204F4B005749464920494E4996
:20EF540054204F4B006368756E0031323334353637380057494649205245545259005749B8
:20EF74004649204641494C0057494649204F4B00544350003139322E3136382E3137392E7C
:20EF94003234380066696C653A2025730066696C653A206D646B2F2573006C696E653A202E
:20EFB4002564000D0A66696C65202573206C696E652025643A2025732E0D0A000D0A6669B7
:20EFD4006C65202573206C696E652025642E0D0A00417373657274206572726F72004C6F67
:20EFF40067206D657373616765002E2E2F6C69627261726965732F7A665F636F6D6D6F6E52
:20F014002F7A665F636F6D6D6F6E5F6669666F2E63000000000000000000002F0000000022
:20F034000700070000147F147F1400242A7F2A120062640813230036495522500000050319
:20F05400000000001C224100000041221C000014083E08140008083E0808000000A06000CA
:20F07400000808080808000060600000402010080402003E5149453E0000427F4000004278
:20F0940061514946002141454B31001814127F10002745454539003C4A4949300001710939
:20F0B400050300364949493600064949291E00003636000000005636000000081422410097
:20F0D40000141414141400004122140800020151090600324959513E007C1211127C007FC7
:20F0F40049494936003E41414122007F4141221C007F49494941007F09090901003E41498B
:20F11400497A007F0808087F0000417F4100002040413F01007F08142241007F40404040A3
:20F13400007F020C027F007F0408107F003E4141413E007F09090906003E4151215E007FE6
:20F15400091929460046494949310001017F0101003F4040403F001F2040201F003F403882
:20F17400403F00631408146300070870080700615149454300007F41410002040810204076
:20F19400000041417F00000402010204004040404040000001020400002054545478007FF3
:20F1B4004844443800384444442000384444487F00385454541800087E0901020018A4A44A
:20F1D400A47C007F080404780000447D4000004080847D00007F102844000000417F400037
:20F1F400007C04180478007C0804047800384444443800FC242424180018242418FC007C37
:20F214000804040800485454542000043F444020003C4040207C001C2040201C003C4030BB
:20F23400403C004428102844001CA0A0A07C004464544C44141414141414000000000000DA
:20F2540000000000000000000000000000F800000000000000333000000000100C06100C01
:20F274000600000000000000000040C07840C0784000043F04043F040400007088FC083086
:20F294000000001820FF211E0000F008F000E018000000211C031E211E0000F00888700077
:20F2B40000001E2123241927211010160E00000000000000000000000000000000E0180413
:20F2D4000200000000071820400000020418E00000000040201807000000404080F080406C
:20F2F40040000202010F01020200000000F0000000000101011F010101000000000000008C
:20F31400000080B07000000000000000000000000000000101010101010100000000000032
:20F33400000000303000000000000000000080601804006018060100000000E010080810CE
:20F35400E000000F102020100F00001010F8000000000020203F2020000000700808088854
:20F374007000003028242221300000300888884830000018202020110E000000C02010F8DB
:20F39400000000070424243F240000F80888880808000019212020110E0000E010888818D2
:20F3B4000000000F112020110E0000380808C83808000000003F000000000070880808889B
:20F3D4007000001C222121221C0000E010080810E0000000312222110F00000000C0C000E6
:20F3F400000000000030300000000000008000000000000080600000000000008040201049
:20F414000800000102040810200040404040404040000404040404040400000810204080BD
:20F4340000000020100804020100007048080808F0000000003036010000C030C828E8107A
:20F45400E0000718272423140B000000C038E0000000203C23020227382008F8888888702A
:20F474000000203F202020110E00C030080808083800071820202010080008F80808081093
:20F49400E000203F202020100F0008F88888E8081000203F20202320180008F88888E80890
:20F4B4001000203F200003000000C03008080838000007182020221E020008F808000008B5
:20F4D400F808203F210101213F20000808F8080800000020203F2020000000000808F8082F
:20F4F4000800C08080807F00000008F888C028180800203F20012638200008F8080000009B
:20F514000000203F20202020300008F8F800F8F80800203F003F003F200008F830C00008E3
:20F53400F808203F200007183F00E01008080810E0000F10202020100F0008F80808080824
:20F55400F000203F210101010000E01008080810E0000F18242438504F0008F888888888C6
:20F574007000203F2000030C302000708808080838000038202121221C00180808F80808D9
:20F5940018000000203F2000000008F808000008F808001F202020201F000878880000C822
:20F5B4003808000007380E010000F80800F80008F800033C0700073C030008186880806835
:20F5D400180820302C03032C30200838C800C83808000000203F2000000010080808C83842
:20F5F40008002038262120201800000000FE020202000000007F40404000000C30C00000B9
:20F614000000000000010638C00000020202FE000000004040407F0000000000040202028A
:20F634000400000000000000000000000000000000008080808080808080000202040000AA
:20F654000000000000000000000000008080808000000019242222223F2008F80080800094
:20F674000000003F112020110E000000008080800000000E1120202011000000008080882F
:20F69400F800000E112020103F200000808080800000001F222222221300008080F08888D6
:20F6B40088180020203F202000000000808080808000006B94949493600008F800808080BD
:20F6D4000000203F210000203F2000809898000000000020203F20200000000000809898F8
:20F6F400000000C08080807F000008F8000080808000203F24022D302000000808F80000AD
:20F7140000000020203F202000008080808080808000203F20003F20003F808000808080F9
:20F734000000203F210000203F200000808080800000001F202020201F00808000808000F8
:20F75400000080FFA12020110E000000008080808000000E112020A0FF8080808000808018
:20F77400800020203F212000010000008080808080000033242424241900008080E08080F8
:20F7940000000000001F202000008080000000808000001F202020103F2080808000008008
:20F7B400808000010E300806010080800080008080800F300C030C300F000080800080804E
:20F7D40080000020312E0E312000808080000080808080818E701806010000808080808019
:20F7F40080000021302C2221300000000000807C020200000000003F404000000000FF00C7
:20F81400000000000000FF0000000002027C800000000040403F000000000006010102020A
:20F8340004040000000000000000524D430047474100544853002E2E2F6C6962726172699C
:20F8540065732F7A665F6465766963652F7A665F6465766963655F6970733230302E630032
:20F874002E2E2F6C69627261726965732F7A665F6465766963652F7A665F64657669636570
:20F894005F6B65792E63004D5439563033582073657420636F6E666967206572726F722EB6
:20F8B400002E2E2F6C69627261726965732F7A665F6465766963652F7A665F646576696395
:20F8D400655F6D7439763033782E63004D5439563033582067657420636F6E6669672065EE
:20F8F40072726F722E0025730D0A25730D0A0025730D0A0025730D0A25730D0A25730D0AE7
:20F9140025730D0A002E2E2F6C69627261726965732F7A665F6465766963652F7A665F642C
:20F9340065766963655F776966695F7370692E63002E2E2F6C69627261726965732F7A6606
:20F954005F6465766963652F7A665F6465766963655F776972656C6573735F756172742ED0
:20F9740063002E2E2F6C69627261726965732F7A665F6472697665722F7A665F64726976AB
:20F9940065725F646D612E63002E2E2F6C69627261726965732F7A665F6472697665722FE9
:20F9B4007A665F6472697665725F657874692E63002E2E2F6C69627261726965732F7A6667
:20F9D4005F6472697665722F7A665F6472697665725F736F66745F6969632E63002E2E2F63
:20F9F4006C69627261726965732F7A665F6472697665722F7A665F6472697665725F737000
:20FA1400692E63002E2E2F6C69627261726965732F7A665F6472697665722F7A665F647252
:20FA3400697665725F756172742E630000A60160567500805C750080E8AD0080E8AD008083
:20FA5400E8AD0080E8AD0080E8AD0080002D310100000000000000000000000000000000F4
:20FA740000000000000000000000000000000000FFFF400100F8F000E401E201E1010000A1
:20FA940000000100000002000000030000000400000005000000060000000700000008002E
:20FAB400000009000000000000000100000002000002030032000400BC00050078000600AC
:20FAD4000000070000000800200009000000000000000001000100000000000000010000D7
:20FAF40001000101010000000000006060FA008004000000010000000400006040FA008091
:20FB1400040000000100000008000060E4FA008001000000010000000C000060E5FA008039
:20FB3400010000000100000010000060E6FA0080010000000100000014000060E7FA008008
:20FB540001000000010000001800006044FA0080080000000100000020000060E8FA00806E
:20FB7400010000000100000024000060E9FA0080010000000100000028000060EAFA00809A
:20FB940001000000010000002C00006064FA0080080000000100000034000060EBFA0080E3
:20FBB400010000000100000038000060ECFA008001000000010000003C000060EDFA00802C
:20FBD400010000000100000040000060EEFA0080010000000100000044000060EFFA0080F8
:20FBF4000100000001000000480000606CFA008002000000010000004C0000606EFA0080CA
:20FC140002000000010000005000006070FA008002000000010000005400006072FA008090
:20FC340002000000010000005800006074FA008002000000010000005C00006076FA008058
:20FC540002000000010000006000006078FA00800E0000000100000070000060F0FA008092
:20FC7400010000000100000074000060F1FA0080010000000100000078000060F2FA0080E9
:20FC940001000000010000007C00006086FA008002000000010000008000006088FA00808D
:20FCB4000200000001000000840000608AFA00800200000001000000880000608CFA008054
:20FCD40002000000010000008C0000608EFA008002000000010000009000006090FA00801C
:20FCF40002000000010000009400006092FA0080040000000100000098000060F3FA008083
:20FD140001000000010000009C00006096FA00802400000001000000C0000060F4FA00800E
:20FD34000100000001000000C4000060BAFA00802A00000001000000F00000604CFA008014
:20FD54000400000001000000F4000060F5FA00800100000001000000F800006050FA0080A3
:20FD7400100000000100000008010060F6FA008001000000010000000C010060F7FA0080A5
:20FD9400010000000200000010010060000000000D0000000200000020010060000000004B
:20FDB40001000000020000002401006000000000466C0000020000006C6D006000000000BA
:20FDD4000200000002000000706D0060000000006500000002000000D86D006000000000C2
:20FDF4000D02000002000000E86F0060000000001500000002000000007000600000000040
:20FE140001000000020000000470006000000000215800000200000028C80060000000002C
:20FE340001000000020000002CC8006000000000310400000200000060CC00600000000094
:20FE5400150000000200000078CC0060000000003600000002000000B0CC006000000000BF
:20FE74004100000002000000F4CC00600000000025000000020000001CCD0060000000009B
:20FE9400410000000200000060CD006000000000250000000200000088CD006000000000A2
:20FEB4004100000002000000CCCD0060000000002500000002000000F4CD006000000000AA
:20FED400410000000200000038CE006000000000250000000200000060CE006000000000B0
:20FEF400400000000200000000000070000000004C010000000000000000000000000000EF
:04FF140000000000E9
:02000004800278
:2000000000000000700059B30000000000000000000000000000000064B81E799B47E18668
:02000004800F6B
:0A414000910000E8D9EE2067DC0EC4
:0A416000910000E8D9EE3467DC0E90
:0A418000910000E8D9EE0467DC0EA0
:0A41A000910000E8D9EE3467DC0E50
:0A41C000910000E8D9EE2077DC0E34
:0A41E000910000E8D9EE0477DC0E30
:0A420000910000E8D9EE3467DC0EEF
:0A422000910000E8D9EE1A87DC0EC9
:0A424000910000E8D9EE3E77DC0E95
:0A426000910000E8D9EE3467DC0E8F
:0A428000910000E8D9EE1497DC0E5F
:0A42A000910000E8D9EE3887DC0E2B
:0A43C000910000E8D9EE3607DC0E8C
:0A43E000910000E8D9EE1C17DC0E76
:0A440000910000E8D9EE3E17DC0E33
:0A442000910000E8D9EE2027DC0E21
:0A450000910000E8D9EE2037DC0E30
:0A452000910000E8D9EE1047DC0E10
:0A456000910000E8D9EE0A57DC0EC6
:0A478000910000E8D9EE0237DC0ECC
:0A5B8000911000E8D9EE542BDC0E62
:0A5BA000911000E8D9EE7A2BDC0E1C
:040000058000002057
:00000001FF
